origem,destino,peso
7g96GMqMFfkrzEvDwSIWzQ,0lNdaHuRYi0YVNPWW0F7X2,0.139374
7g96GMqMFfkrzEvDwSIWzQ,3H2cHIeqH79jmFsdiPKRv7,0.180039
7g96GMqMFfkrzEvDwSIWzQ,4Qv71lFPCObf7zol1uWCJb,0.19197
7g96GMqMFfkrzEvDwSIWzQ,06RouQ8MtzC4OUWXnVugei,0.208026
7g96GMqMFfkrzEvDwSIWzQ,4RFZf8MdqN4oHGFXsFkYDj,0.213282
5pqH6aEfTKoFCr7IE6urm3,2LkhllqfKQXg7j9FRsytfM,0.220476
5pqH6aEfTKoFCr7IE6urm3,4OkD8oWu6iojf76kkk9LiU,0.229502
5pqH6aEfTKoFCr7IE6urm3,493Rk3iS7rs8uPfpnfm95u,0.245252
5pqH6aEfTKoFCr7IE6urm3,4knGE25OEOeaJocSkSliuz,0.247371
5pqH6aEfTKoFCr7IE6urm3,3dAvoxoiRsAGa87VPMnbbl,0.253716
2s4AbiaTKGrKldnICBxaWW,5PuJ00qKGWqbGeeWbt8WJb,0.128229
2s4AbiaTKGrKldnICBxaWW,3gHGMXEUhVHl4cxOXX3Rmq,0.148601
2s4AbiaTKGrKldnICBxaWW,2HbYLDA1SigY1ilC94ieVu,0.18376
2s4AbiaTKGrKldnICBxaWW,0XUbq6STWcxFC6qrU09tE1,0.198568
2s4AbiaTKGrKldnICBxaWW,2DGoiBUZSbprAcvGw5l1W7,0.220067
6HGoVbCUr63SgU3TjxEVj6,09AbeKK96E8eA2m8IITFHP,0.295694
6HGoVbCUr63SgU3TjxEVj6,2dwhMQsFeHr2S787WxqAqW,0.307846
6HGoVbCUr63SgU3TjxEVj6,11jMqNuaE2vTsBBjESguoL,0.312131
6HGoVbCUr63SgU3TjxEVj6,3H2cHIeqH79jmFsdiPKRv7,0.312293
6HGoVbCUr63SgU3TjxEVj6,4s7Me2OrjR7tIeeiWmZnK5,0.336756
2S1IGjykXoLfYNVB9oruBr,7k7DnptxRrSXcTdEPd1R4F,0.465836
2S1IGjykXoLfYNVB9oruBr,5i0h6XtjL1LNRuFUl0STkC,0.472014
2S1IGjykXoLfYNVB9oruBr,1mBsA7LPkVA9SuHEJdcE53,0.474266
2S1IGjykXoLfYNVB9oruBr,0zACuA5TckBs58Vc8iwFYx,0.476022
2S1IGjykXoLfYNVB9oruBr,60NNjFuigXAbCPftSfM1NW,0.476941
3H2cHIeqH79jmFsdiPKRv7,4Qv71lFPCObf7zol1uWCJb,0.157907
3H2cHIeqH79jmFsdiPKRv7,0lNdaHuRYi0YVNPWW0F7X2,0.171723
3H2cHIeqH79jmFsdiPKRv7,2k7lStJS8TJvMNxbdClLMD,0.199518
3H2cHIeqH79jmFsdiPKRv7,5N5v1tfDEPbvK214jUEGgO,0.203879
1BweuW1Vx7eP6VUSXijezL,2hGPfCRMjK2haWM6ja11XP,0.15935
1BweuW1Vx7eP6VUSXijezL,1eEWigdKC7UyhnfUBax4Ii,0.221206
1BweuW1Vx7eP6VUSXijezL,30vwZnErkvSYrhEvfAfJnp,0.237847
1BweuW1Vx7eP6VUSXijezL,737yse38y2hsWQeNRrLaMY,0.240502
1BweuW1Vx7eP6VUSXijezL,5YkKpbHgr62AmlkLh2pwDc,0.241392
2DGoiBUZSbprAcvGw5l1W7,3gHGMXEUhVHl4cxOXX3Rmq,0.204689
2DGoiBUZSbprAcvGw5l1W7,2HbYLDA1SigY1ilC94ieVu,0.248412
2DGoiBUZSbprAcvGw5l1W7,5PuJ00qKGWqbGeeWbt8WJb,0.268852
2DGoiBUZSbprAcvGw5l1W7,0XUbq6STWcxFC6qrU09tE1,0.290692
3oZ1DkKe2ZcvPh5Ffv6L0c,1eEWigdKC7UyhnfUBax4Ii,0.156277
3oZ1DkKe2ZcvPh5Ffv6L0c,2IQB5iBapo0Y37Yc0PtIZc,0.170843
3oZ1DkKe2ZcvPh5Ffv6L0c,3WlPw1UubxqvzMhO739BU8,0.218907
3oZ1DkKe2ZcvPh5Ffv6L0c,5YkKpbHgr62AmlkLh2pwDc,0.220804
3oZ1DkKe2ZcvPh5Ffv6L0c,51qhR6wqpb6Gm2PSOwBPCF,0.236203
22aoAzWBmrDlbDLNjTTJ6F,6MoTeX5dtuPZ3hwaecuBkz,0.209585
22aoAzWBmrDlbDLNjTTJ6F,6HnC8UJ9WqKUwx3dcha5Md,0.338158
22aoAzWBmrDlbDLNjTTJ6F,0vgIkHFK8wpogVc1XCi18F,0.340803
22aoAzWBmrDlbDLNjTTJ6F,0WK81brZVfvmqLTwFgcGL6,0.34862
22aoAzWBmrDlbDLNjTTJ6F,6etAsc19pzAmugWALZjpDo,0.371036
7rwgTaHmd0vgpxcshUNCxD,0HDO6JFfplYPrSWuufUosZ,0.162516
7rwgTaHmd0vgpxcshUNCxD,4ClHOBQG9QNcqzfzFmXj39,0.195209
7rwgTaHmd0vgpxcshUNCxD,0F78T5bfHQCliaNjBkIYBq,0.214205
7rwgTaHmd0vgpxcshUNCxD,5GQu9ALTmhmLggqUb9HTL8,0.219775
7rwgTaHmd0vgpxcshUNCxD,7kEwwmnAkgoll8koLkwZeC,0.237568
0sr2pcHb3tnWqIgZU1Urj6,7lYdF3SC4SCJPg5kROvXWx,0.207738
0sr2pcHb3tnWqIgZU1Urj6,1ASgWE2xwIXQmniMfwvOL9,0.246646
0sr2pcHb3tnWqIgZU1Urj6,4c2OHigULUHASnUdOEO7HQ,0.251816
0sr2pcHb3tnWqIgZU1Urj6,5vSqKl0SxirLoaO3802hs7,0.290707
0sr2pcHb3tnWqIgZU1Urj6,6fchBDwnte5dnhwEV09qof,0.296136
71KtwiEpzcn9WxwlaS7ZJY,1xniUfCvv0CGGHgbZD5C0q,0.159005
71KtwiEpzcn9WxwlaS7ZJY,2hv3PVAj6KKDOVNhyRfjeG,0.216919
71KtwiEpzcn9WxwlaS7ZJY,7dlCAK8HdnI6UGHqZkfvJT,0.258015
71KtwiEpzcn9WxwlaS7ZJY,5029vpQu4KlJp0Kqobuc01,0.259931
71KtwiEpzcn9WxwlaS7ZJY,7jR0ezj19qPMx5Ts9ge9I6,0.264293
4Qv71lFPCObf7zol1uWCJb,5fdr0qZcygx9NFbIhFDcaH,0.151122
4Qv71lFPCObf7zol1uWCJb,2k7lStJS8TJvMNxbdClLMD,0.198092
4Qv71lFPCObf7zol1uWCJb,7o2CTH4ctstm8TNelqjb51,0.202757
7jR0ezj19qPMx5Ts9ge9I6,5vnwBJxMnwGPPG2U3tToJc,0.165806
7jR0ezj19qPMx5Ts9ge9I6,2hv3PVAj6KKDOVNhyRfjeG,0.179853
7jR0ezj19qPMx5Ts9ge9I6,7dlCAK8HdnI6UGHqZkfvJT,0.187986
7jR0ezj19qPMx5Ts9ge9I6,1xniUfCvv0CGGHgbZD5C0q,0.200507
7jR0ezj19qPMx5Ts9ge9I6,4c2OHigULUHASnUdOEO7HQ,0.244062
6Zpj4XvoH4xNp2wCa6X96y,6HnC8UJ9WqKUwx3dcha5Md,0.220163
6Zpj4XvoH4xNp2wCa6X96y,7aoBSmPHwNXYtMVxR9FVOd,0.227288
6Zpj4XvoH4xNp2wCa6X96y,6WxgD0syay32FVFtmLqe3M,0.239971
6Zpj4XvoH4xNp2wCa6X96y,2XyNLoEWc4IDt9OVzXZUXl,0.265325
6Zpj4XvoH4xNp2wCa6X96y,6DQtdUrKRUuJDNCvItFWZK,0.334919
0uBdQzKghx88d2Lp8SLFKJ,35lxFAny9XDBkvE6r9j4uG,0.142308
0uBdQzKghx88d2Lp8SLFKJ,4pyQ5n3teYo2C89zE3NBrM,0.163811
0uBdQzKghx88d2Lp8SLFKJ,3mRM4NM8iO7UBqrSigCQFH,0.215587
0uBdQzKghx88d2Lp8SLFKJ,51qhR6wqpb6Gm2PSOwBPCF,0.219451
0uBdQzKghx88d2Lp8SLFKJ,3qwZmJ3EhItnOJKgu3Ti06,0.221334
7fxk6qjkQHs66OZcDsEe8K,5fwSHlTEWpluwOM0Sxnh5k,0.128038
7fxk6qjkQHs66OZcDsEe8K,0jjANtMHBQSIfsrZ1YnnyB,0.150906
7fxk6qjkQHs66OZcDsEe8K,3RZnAryVznQwgFCGeqjeAH,0.166803
7fxk6qjkQHs66OZcDsEe8K,5FQEeo3o0tPNxrsQPcmwlX,0.174424
7fxk6qjkQHs66OZcDsEe8K,6455q2sm0znfcevxSCzMMW,0.213044
1ErVAnzjNvyXSodWbOTYNu,5tiZBnx5IvETA0Pj3gELjn,0.152389
1ErVAnzjNvyXSodWbOTYNu,36MZOdQU8d3UFzdiYWgozI,0.162777
1ErVAnzjNvyXSodWbOTYNu,5xhs3I7Rnbli2emfWl2O5L,0.187748
1ErVAnzjNvyXSodWbOTYNu,2wrthwkXNBuyKWd3chV33u,0.219826
1ErVAnzjNvyXSodWbOTYNu,3ysUkfcrFwvXweDt0cliH8,0.222154
7GDwYUuvu1qjah9rAH15AH,6O1VWYPfl85dDeKiaCJKza,0.170575
7GDwYUuvu1qjah9rAH15AH,1gcESexgftSuLuML57Y69q,0.210507
7GDwYUuvu1qjah9rAH15AH,5pV61B6b5kcy1ysaPL8iON,0.232371
7GDwYUuvu1qjah9rAH15AH,4FL8i7miD18FuMN08XGKcM,0.232777
7GDwYUuvu1qjah9rAH15AH,5MnLof1o5Wu4hX5zWgMjZY,0.241492
6tAWgyIwWB6f1ozhA0tadW,3pVVFQ4D1yRBpztapn2hHG,0.20078
6tAWgyIwWB6f1ozhA0tadW,4JWbH50WabthGhmtduR8b9,0.212792
6tAWgyIwWB6f1ozhA0tadW,44DFFra1iTFvIGpzVlRHFx,0.220757
6tAWgyIwWB6f1ozhA0tadW,6XimI1O15wpfwUdrCnlrxo,0.232311
6tAWgyIwWB6f1ozhA0tadW,3DI3NhuSKftr5PkMQWOf3n,0.257727
4aA3PDel1koEbggFsSOVKz,6cZGk7b1led3OdACob9rbS,0.19537
4aA3PDel1koEbggFsSOVKz,0HDO6JFfplYPrSWuufUosZ,0.224958
4aA3PDel1koEbggFsSOVKz,0JQP1bwayX3SEgT9ggc31K,0.26979
4aA3PDel1koEbggFsSOVKz,3D4J0o9w44QKFrBrYrSVJY,0.270454
7rwgTaHmd0vgpxcshUNCxD,4aA3PDel1koEbggFsSOVKz,0.306992
6Nm4X6HWL4TNSMGClw52Xf,2hv3PVAj6KKDOVNhyRfjeG,0.235822
6Nm4X6HWL4TNSMGClw52Xf,7dlCAK8HdnI6UGHqZkfvJT,0.238514
7jR0ezj19qPMx5Ts9ge9I6,6Nm4X6HWL4TNSMGClw52Xf,0.260184
6Nm4X6HWL4TNSMGClw52Xf,7FNClArpU0MQIIkAU5VSwh,0.294146
6Nm4X6HWL4TNSMGClw52Xf,1xniUfCvv0CGGHgbZD5C0q,0.303235
3TnVzwHRytGd8Va9jn6Yhs,2Huc0pVL2qSVn9YD9ylRcz,0.158852
3TnVzwHRytGd8Va9jn6Yhs,22DrqPUQfcOkv6QmjvHFcB,0.251201
3TnVzwHRytGd8Va9jn6Yhs,2pGdlCBrS2uulNsI9fdrHs,0.254583
3TnVzwHRytGd8Va9jn6Yhs,5OiONTndVC5YOMXg6VC5xs,0.279834
3TnVzwHRytGd8Va9jn6Yhs,0v0pc1lIt5p6EBX7pnfOGF,0.284639
4kflXMtDdukfphfpvp1708,5knSvwiFenQOkDoriHi2Rg,0.216926
4kflXMtDdukfphfpvp1708,7FNClArpU0MQIIkAU5VSwh,0.217372
4kflXMtDdukfphfpvp1708,0B2Rij48hhqlJFFUpr6bPv,0.226953
4kflXMtDdukfphfpvp1708,7dlCAK8HdnI6UGHqZkfvJT,0.261318
4kflXMtDdukfphfpvp1708,3ddp87sShpWPenS7M4t9uj,0.284463
3iuJytXIDXGbpZbDWxfgHl,0lNdaHuRYi0YVNPWW0F7X2,0.172102
7g96GMqMFfkrzEvDwSIWzQ,3iuJytXIDXGbpZbDWxfgHl,0.222824
0uBdQzKghx88d2Lp8SLFKJ,3iuJytXIDXGbpZbDWxfgHl,0.225433
3iuJytXIDXGbpZbDWxfgHl,4pyQ5n3teYo2C89zE3NBrM,0.2323
3iuJytXIDXGbpZbDWxfgHl,35lxFAny9XDBkvE6r9j4uG,0.244365
6HnC8UJ9WqKUwx3dcha5Md,6DQtdUrKRUuJDNCvItFWZK,0.186833
6HnC8UJ9WqKUwx3dcha5Md,2XyNLoEWc4IDt9OVzXZUXl,0.201195
6HnC8UJ9WqKUwx3dcha5Md,1kqx2Z9AXjbUCbPkUVbIRM,0.20725
6HnC8UJ9WqKUwx3dcha5Md,6WxgD0syay32FVFtmLqe3M,0.294571
2qPNdVlqZl1cYqsNc3MXnA,4FL8i7miD18FuMN08XGKcM,0.191813
2qPNdVlqZl1cYqsNc3MXnA,2wp7OUgPvFipU9fHGjNEcr,0.210809
2qPNdVlqZl1cYqsNc3MXnA,2j0xMbhqTwks1L3PeOhywh,0.218078
2qPNdVlqZl1cYqsNc3MXnA,4xxg28R4JsE5OSyDFlZEmZ,0.239514
2qPNdVlqZl1cYqsNc3MXnA,5tiZBnx5IvETA0Pj3gELjn,0.244039
7dtxV1gbo3kWHiBhFywD7v,4KS0611AX8W2o3rAxJwEvJ,0.237726
7dtxV1gbo3kWHiBhFywD7v,3gL8HwgqxcKM8lhXnYtny2,0.24095
7dtxV1gbo3kWHiBhFywD7v,0yu7YRpQDcSJhX9DEc1eya,0.271514
7dtxV1gbo3kWHiBhFywD7v,7N02vK6QmHRiMVa6oy3HUA,0.29235
7dtxV1gbo3kWHiBhFywD7v,0t5JyYh5CxnUI3v0msZzYM,0.300234
6455q2sm0znfcevxSCzMMW,3RZnAryVznQwgFCGeqjeAH,0.146216
6455q2sm0znfcevxSCzMMW,023H4I7HJnxRqsc9cqeFKV,0.198327
6455q2sm0znfcevxSCzMMW,5FQEeo3o0tPNxrsQPcmwlX,0.204187
6455q2sm0znfcevxSCzMMW,0PbqwOxRshUkoGOKFcO6z2,0.223785
7xcqbjV2NfxlnJzqdRuO7E,6iMzy3mIG2zVdMR15A6HmJ,0.231895
7xcqbjV2NfxlnJzqdRuO7E,2SvP6VWIoq4CQ2IbdZEmcU,0.24235
7xcqbjV2NfxlnJzqdRuO7E,1gV0hgMNdpSWeW7ZjSUKnX,0.250953
7xcqbjV2NfxlnJzqdRuO7E,7ht7UcsH5dlcaFX5pMHycn,0.284947
7xcqbjV2NfxlnJzqdRuO7E,08kSDRN3ZUB5V5ba2Rt5KB,0.293922
5MnLof1o5Wu4hX5zWgMjZY,6ppefZt5uQ62aHAfSa1Jx9,0.203062
5MnLof1o5Wu4hX5zWgMjZY,6O1VWYPfl85dDeKiaCJKza,0.279966
5MnLof1o5Wu4hX5zWgMjZY,5pV61B6b5kcy1ysaPL8iON,0.317955
5MnLof1o5Wu4hX5zWgMjZY,2IQB5iBapo0Y37Yc0PtIZc,0.321012
2PWTZV5znjLtZC5T1EVJvL,5khYjyvP68aobZCSnobv6l,0.127174
2PWTZV5znjLtZC5T1EVJvL,6fchBDwnte5dnhwEV09qof,0.220798
2PWTZV5znjLtZC5T1EVJvL,0xtSFqbkJ8BS9oRmsJ1aPD,0.235734
2PWTZV5znjLtZC5T1EVJvL,0pS1COD3QAwZqVbHkqBBWZ,0.240625
2PWTZV5znjLtZC5T1EVJvL,750vuAyjSZGt53r570s8ML,0.250938
2s4AbiaTKGrKldnICBxaWW,60NNjFuigXAbCPftSfM1NW,0.256152
60NNjFuigXAbCPftSfM1NW,5cUH0jGZStImc41LbHSjhA,0.284638
60NNjFuigXAbCPftSfM1NW,3gHGMXEUhVHl4cxOXX3Rmq,0.292643
60NNjFuigXAbCPftSfM1NW,5PuJ00qKGWqbGeeWbt8WJb,0.293282
60NNjFuigXAbCPftSfM1NW,2HbYLDA1SigY1ilC94ieVu,0.307035
38HU7vX2HlEOXLOwwFApb4,43Vyj3R8vMlFNVB2gqrsAM,0.384058
38HU7vX2HlEOXLOwwFApb4,4sO7A5yF6SfqiHeINS61DE,0.387014
38HU7vX2HlEOXLOwwFApb4,2DhcpitZoR2mDalUWFUbBG,0.387184
38HU7vX2HlEOXLOwwFApb4,3b0cJPguhWOh2hjY6Lu192,0.395843
38HU7vX2HlEOXLOwwFApb4,2eZYhuwMD2SwQcxsxmY8TN,0.412486
4KvwPgAJMWNqx4lCll9Ldp,06hScW2F8wdPVjlagETKdC,0.318175
4KvwPgAJMWNqx4lCll9Ldp,35msHwn81uKQS5Jn783oSU,0.389646
4KvwPgAJMWNqx4lCll9Ldp,2D52zjCyqEIQa221lhw6uk,0.414968
4KvwPgAJMWNqx4lCll9Ldp,4UZifG6wVTl3dFIeHKLi8y,0.447676
4KvwPgAJMWNqx4lCll9Ldp,4n7jnSxVLd8QioibtTDBDq,0.45388
6YWE7WrOmrGbuYaw3DxzGf,04GunTYlMUoEnc5pwzQANm,0.280311
6YWE7WrOmrGbuYaw3DxzGf,6PCIdh9L4B6jEtjGyfopf6,0.284066
6YWE7WrOmrGbuYaw3DxzGf,493QaNbrvbEiQdPH9hDP6z,0.345532
6YWE7WrOmrGbuYaw3DxzGf,0pnulKmG8ETBuzY2NUoxRO,0.353716
6YWE7WrOmrGbuYaw3DxzGf,3ddp87sShpWPenS7M4t9uj,0.372469
2XyNLoEWc4IDt9OVzXZUXl,1kqx2Z9AXjbUCbPkUVbIRM,0.198355
2XyNLoEWc4IDt9OVzXZUXl,0nKhpvNOgd6Ix37bSlJXNe,0.273504
2XyNLoEWc4IDt9OVzXZUXl,6DQtdUrKRUuJDNCvItFWZK,0.295064
7ht7UcsH5dlcaFX5pMHycn,06Q3gof2rs8ErXzBrW1aVg,0.076363
7ht7UcsH5dlcaFX5pMHycn,08kSDRN3ZUB5V5ba2Rt5KB,0.111649
7ht7UcsH5dlcaFX5pMHycn,6ts6Ie41SzPSKWkHrv3t2F,0.146447
7ht7UcsH5dlcaFX5pMHycn,2GTMvEjoCKe52M5936CFLO,0.15576
7ht7UcsH5dlcaFX5pMHycn,46lFttIf5hnUZMGvjK0Wxo,0.174556
31Hu0lcugWlMvAJh93OkNj,0lozAj904nKA5sb3C6aAPu,0.214211
31Hu0lcugWlMvAJh93OkNj,36MZOdQU8d3UFzdiYWgozI,0.291271
31Hu0lcugWlMvAJh93OkNj,1w6HwsdGR48SEfrIuJCo0v,0.292038
31Hu0lcugWlMvAJh93OkNj,1G1mrICbuolSOEzWcTOEft,0.309245
3oZ1DkKe2ZcvPh5Ffv6L0c,31Hu0lcugWlMvAJh93OkNj,0.3105
1vN2rZ4WoUe6QQJjc2NBjN,62aZgpepQgr9C5n2EY0qgG,0.0
1vN2rZ4WoUe6QQJjc2NBjN,6h3lMAmmpQDFqoHk9F99IR,0.206391
1vN2rZ4WoUe6QQJjc2NBjN,2wp7OUgPvFipU9fHGjNEcr,0.2083
1vN2rZ4WoUe6QQJjc2NBjN,1Jwc3ODLQxtbnS8M9TflSP,0.239319
1vN2rZ4WoUe6QQJjc2NBjN,2j0xMbhqTwks1L3PeOhywh,0.245832
7eX5SypK35V8Y9d9pS6rWy,0nKhpvNOgd6Ix37bSlJXNe,0.322682
7eX5SypK35V8Y9d9pS6rWy,6WxgD0syay32FVFtmLqe3M,0.345544
6Zpj4XvoH4xNp2wCa6X96y,7eX5SypK35V8Y9d9pS6rWy,0.375507
7eX5SypK35V8Y9d9pS6rWy,7aoBSmPHwNXYtMVxR9FVOd,0.375822
6HnC8UJ9WqKUwx3dcha5Md,7eX5SypK35V8Y9d9pS6rWy,0.394522
5JCQF2iHu8EZ9voUThQ0Kz,5UYOvPQypiNSK23KqOq2JI,0.155619
5JCQF2iHu8EZ9voUThQ0Kz,30Lcy59RiXJKMVVkwhfdle,0.178525
5JCQF2iHu8EZ9voUThQ0Kz,0T7UC9WLm1LeZX46T3atqP,0.179038
5JCQF2iHu8EZ9voUThQ0Kz,6OSVqTKdYoj5jrbCCNPxRR,0.221031
5JCQF2iHu8EZ9voUThQ0Kz,2LkhllqfKQXg7j9FRsytfM,0.228634
2qSnqsLv7b9GbWFhyZJwMM,6X4OcPBYwrT4SVcQ6uwJod,0.257907
2qSnqsLv7b9GbWFhyZJwMM,6LA7WgwRca4bYg7Ip50dqN,0.357019
2qSnqsLv7b9GbWFhyZJwMM,1msphInQ8bBBQGFZkll7FX,0.372055
2qSnqsLv7b9GbWFhyZJwMM,7k7DnptxRrSXcTdEPd1R4F,0.394973
2qSnqsLv7b9GbWFhyZJwMM,4Kh6cq3XgOGUK9yXQu7RTq,0.407922
1sZyestTGfOxWKRxdVdKuA,4f8mIikzaT5Aw3tV5ftwvL,0.0
1sZyestTGfOxWKRxdVdKuA,4Kh6cq3XgOGUK9yXQu7RTq,0.231037
1sZyestTGfOxWKRxdVdKuA,6LA7WgwRca4bYg7Ip50dqN,0.262315
1sZyestTGfOxWKRxdVdKuA,0kavVZx38UlVVTxw5HUIJL,0.297755
1sZyestTGfOxWKRxdVdKuA,5W8HXMOMLtXLz0RGKUtnlZ,0.344741
4c2OHigULUHASnUdOEO7HQ,1ASgWE2xwIXQmniMfwvOL9,0.195697
4c2OHigULUHASnUdOEO7HQ,7lYdF3SC4SCJPg5kROvXWx,0.22208
4c2OHigULUHASnUdOEO7HQ,4eTUG3TF3lQuar1lLkN0cG,0.254608
4KS0611AX8W2o3rAxJwEvJ,6qO260PuQGnxCQ4SRrSi6M,0.185808
4KS0611AX8W2o3rAxJwEvJ,06UlQEupfklesVD0OB2N87,0.256646
4KS0611AX8W2o3rAxJwEvJ,3gL8HwgqxcKM8lhXnYtny2,0.25943
4KS0611AX8W2o3rAxJwEvJ,0PlD5j3EX8hZjNfH52YSpF,0.286948
5H6Jp0syB5yEPk7SWYdlmk,7iOm7tuQZeqXqzBZJ14CSM,0.118854
5H6Jp0syB5yEPk7SWYdlmk,6esLMv3uuSmQ1nw2wQnqgA,0.252459
5H6Jp0syB5yEPk7SWYdlmk,44DFFra1iTFvIGpzVlRHFx,0.271839
5H6Jp0syB5yEPk7SWYdlmk,1ZdhOMWyFR8Iv9eylMGYg2,0.277568
5H6Jp0syB5yEPk7SWYdlmk,4tkN2pk11GYamfmIz8tmKa,0.297839
5PuJ00qKGWqbGeeWbt8WJb,3gHGMXEUhVHl4cxOXX3Rmq,0.139762
5PuJ00qKGWqbGeeWbt8WJb,5K1m4aaPCxwnm9SKlWW1vh,0.155121
5PuJ00qKGWqbGeeWbt8WJb,2HbYLDA1SigY1ilC94ieVu,0.167108
5PuJ00qKGWqbGeeWbt8WJb,4rXPkKTkE0oYd9OltdFG9K,0.214442
0pS1COD3QAwZqVbHkqBBWZ,4eTUG3TF3lQuar1lLkN0cG,0.187499
0pS1COD3QAwZqVbHkqBBWZ,5khYjyvP68aobZCSnobv6l,0.234202
0pS1COD3QAwZqVbHkqBBWZ,1Wdj4wRDYS7aT4CoPS0mAH,0.24664
0pS1COD3QAwZqVbHkqBBWZ,4MDP7HRognLy05tr1MlKek,0.253561
7x56g3SKfKeE4XRg9MsTyi,1xU4U0HkoKrDAkKxbTbda6,0.256062
7x56g3SKfKeE4XRg9MsTyi,3wjQZWJAeEmb7Z3CdsNajq,0.276826
7x56g3SKfKeE4XRg9MsTyi,3wjQZWJAeEmb7Z3CdsNajq,0.276826
7x56g3SKfKeE4XRg9MsTyi,5xYpEeGFXmkGMBQ22NfKfO,0.308923
7x56g3SKfKeE4XRg9MsTyi,6bfzJqCmmKyn7GQtgnfWd1,0.326633
737yse38y2hsWQeNRrLaMY,3RqU6RJ9TiTN0AAGiaq7hR,0.136423
737yse38y2hsWQeNRrLaMY,5FQEeo3o0tPNxrsQPcmwlX,0.148181
737yse38y2hsWQeNRrLaMY,30vwZnErkvSYrhEvfAfJnp,0.157402
737yse38y2hsWQeNRrLaMY,3XN6gsqRw1EzezEdgQmKO7,0.159514
737yse38y2hsWQeNRrLaMY,3RZnAryVznQwgFCGeqjeAH,0.186138
241A1yhKNIr1lPgWY8jU48,39lOHITmszIVH9WF4Jpbum,0.26529
241A1yhKNIr1lPgWY8jU48,3joSo5cx7WLe18uEEdu3Oj,0.313663
5H6Jp0syB5yEPk7SWYdlmk,241A1yhKNIr1lPgWY8jU48,0.319359
241A1yhKNIr1lPgWY8jU48,6qdkcDUc80NP6zj4VUD4qR,0.322065
241A1yhKNIr1lPgWY8jU48,7iOm7tuQZeqXqzBZJ14CSM,0.331
5fdr0qZcygx9NFbIhFDcaH,3bc6MVpDA0hm4DbuqD2r9C,0.194751
5fdr0qZcygx9NFbIhFDcaH,2k7lStJS8TJvMNxbdClLMD,0.195514
5fdr0qZcygx9NFbIhFDcaH,3lUTTvpsqOJGm28TZYgIGn,0.207687
5fdr0qZcygx9NFbIhFDcaH,3HCDGtLZabH3umLgwCBpDB,0.224469
023H4I7HJnxRqsc9cqeFKV,5FQEeo3o0tPNxrsQPcmwlX,0.133139
023H4I7HJnxRqsc9cqeFKV,3XN6gsqRw1EzezEdgQmKO7,0.140186
023H4I7HJnxRqsc9cqeFKV,5fwSHlTEWpluwOM0Sxnh5k,0.179232
023H4I7HJnxRqsc9cqeFKV,3RZnAryVznQwgFCGeqjeAH,0.179286
023H4I7HJnxRqsc9cqeFKV,46lFttIf5hnUZMGvjK0Wxo,0.188488
017qYDiQ3s9Yp5PZbdtPzr,0eNfURq0r0oNSwFyw1VuVT,0.140841
017qYDiQ3s9Yp5PZbdtPzr,2dwhMQsFeHr2S787WxqAqW,0.210267
017qYDiQ3s9Yp5PZbdtPzr,2ZICF8SFI5tHttaLJKMY1X,0.211805
017qYDiQ3s9Yp5PZbdtPzr,5bqAeJlItYJRpfPJLUhYwE,0.236816
017qYDiQ3s9Yp5PZbdtPzr,7frumfCbPME9rnrbBB7qZ7,0.259583
0S4Zf256BJU9wCHeBNsGmj,2GTMvEjoCKe52M5936CFLO,0.183265
0S4Zf256BJU9wCHeBNsGmj,0JWpbl3Ppr71ONy6VDP5vu,0.192016
0S4Zf256BJU9wCHeBNsGmj,06Q3gof2rs8ErXzBrW1aVg,0.204895
0S4Zf256BJU9wCHeBNsGmj,6ts6Ie41SzPSKWkHrv3t2F,0.21073
0S4Zf256BJU9wCHeBNsGmj,5Ce9z7GqSknXccyppRxNLY,0.214506
0bHKo2P7aepaUOhzJtlxbv,06KyNuuMOX1ROXRhj787tj,0.165809
0bHKo2P7aepaUOhzJtlxbv,7iXPSlDdL0EQwPFtUR8ye1,0.218897
0bHKo2P7aepaUOhzJtlxbv,6rurduYegrf5XSZrphuyF2,0.23755
0bHKo2P7aepaUOhzJtlxbv,39lOHITmszIVH9WF4Jpbum,0.242
0bHKo2P7aepaUOhzJtlxbv,1Wdj4wRDYS7aT4CoPS0mAH,0.243649
00970cTs7LnxWt0d5Qk08m,1rLBRiCpwMRafxSwkGkbe5,0.182928
00970cTs7LnxWt0d5Qk08m,6uA1qGKf0r5uYIg1aMhn7c,0.215819
00970cTs7LnxWt0d5Qk08m,3uW4BXrHwSjDRZW6YKSWzL,0.233528
00970cTs7LnxWt0d5Qk08m,5ARrtxJLVCeTv5TWo1oKgC,0.304099
00970cTs7LnxWt0d5Qk08m,2pGdlCBrS2uulNsI9fdrHs,0.318975
1w6HwsdGR48SEfrIuJCo0v,36MZOdQU8d3UFzdiYWgozI,0.190555
1w6HwsdGR48SEfrIuJCo0v,3ysUkfcrFwvXweDt0cliH8,0.213859
1w6HwsdGR48SEfrIuJCo0v,3pDhN3qB33AOPhQEkUCaWt,0.25748
1w6HwsdGR48SEfrIuJCo0v,5f8xBaP905M0O65CGHwDl4,0.259988
1ErVAnzjNvyXSodWbOTYNu,1w6HwsdGR48SEfrIuJCo0v,0.260797
0EKqoSFmZW4dqaJvlEJtMe,2OaVtgFRFY3xfHjEJxqHhI,0.193715
0EKqoSFmZW4dqaJvlEJtMe,7FNClArpU0MQIIkAU5VSwh,0.237591
0EKqoSFmZW4dqaJvlEJtMe,0B2Rij48hhqlJFFUpr6bPv,0.253922
0EKqoSFmZW4dqaJvlEJtMe,2hv3PVAj6KKDOVNhyRfjeG,0.255529
0EKqoSFmZW4dqaJvlEJtMe,5knSvwiFenQOkDoriHi2Rg,0.256017
5LEHlRPjGcZ5RdagAwXpHS,06UlQEupfklesVD0OB2N87,0.264442
5LEHlRPjGcZ5RdagAwXpHS,0yu7YRpQDcSJhX9DEc1eya,0.301848
5LEHlRPjGcZ5RdagAwXpHS,3FVy3aVs0TFzLv6FEiLqC2,0.304402
5LEHlRPjGcZ5RdagAwXpHS,0t5JyYh5CxnUI3v0msZzYM,0.356584
5LEHlRPjGcZ5RdagAwXpHS,7f5igh8vt1dZtXz6NlnUYz,0.382593
1gcESexgftSuLuML57Y69q,4FL8i7miD18FuMN08XGKcM,0.218582
1gcESexgftSuLuML57Y69q,7Ar4G7Ci11gpt6sfH9Cgz5,0.251733
1gcESexgftSuLuML57Y69q,0vdZk0uHh0PaEQpY5PHG6n,0.256827
1gcESexgftSuLuML57Y69q,6KjkgYu4mjsMVYy4aCzyw6,0.286729
1xniUfCvv0CGGHgbZD5C0q,7dlCAK8HdnI6UGHqZkfvJT,0.156793
1xniUfCvv0CGGHgbZD5C0q,5029vpQu4KlJp0Kqobuc01,0.186323
1xniUfCvv0CGGHgbZD5C0q,2hv3PVAj6KKDOVNhyRfjeG,0.190688
3Hg1OJWwiNeKWX7suTNJ1Y,5WA3rl0o0RJwdhsB2T7p1k,0.183126
3Hg1OJWwiNeKWX7suTNJ1Y,4JWbH50WabthGhmtduR8b9,0.221054
3Hg1OJWwiNeKWX7suTNJ1Y,1JdWRS3PBZlSgKcPKcULtr,0.232758
3Hg1OJWwiNeKWX7suTNJ1Y,3kRGiGpjCFS7CtEBSfHNH0,0.237922
3Hg1OJWwiNeKWX7suTNJ1Y,3DI3NhuSKftr5PkMQWOf3n,0.242707
3u0GkwnjSEBqmTSvlgjFjJ,5aw0QGRRtJmi7nVvKyRaHJ,0.265032
3u0GkwnjSEBqmTSvlgjFjJ,775OxWq9wfVzmVDS0n3zff,0.354471
3u0GkwnjSEBqmTSvlgjFjJ,5EVVBILF2NeX8qpQyxbvYl,0.472124
3u0GkwnjSEBqmTSvlgjFjJ,0jTxQIG0cMaKAu8uLzR4Nq,0.520216
3u0GkwnjSEBqmTSvlgjFjJ,4wpiCbMBTecn6LZBy0053F,0.524647
0tCdKWakn9sA3forNMxzdV,3ysUkfcrFwvXweDt0cliH8,0.245732
0tCdKWakn9sA3forNMxzdV,5lTqpWZJbOUhusVlGtTLWn,0.253297
3oZ1DkKe2ZcvPh5Ffv6L0c,0tCdKWakn9sA3forNMxzdV,0.269212
0tCdKWakn9sA3forNMxzdV,3WlPw1UubxqvzMhO739BU8,0.277682
0tCdKWakn9sA3forNMxzdV,51qhR6wqpb6Gm2PSOwBPCF,0.290673
5p9IGH0xpbhJI9d8YWJe47,5HrYsy4vBjmIRvSzzLSRDo,0.250238
5p9IGH0xpbhJI9d8YWJe47,0oiXbwcUnGIqtT0efGQ6PM,0.255274
5p9IGH0xpbhJI9d8YWJe47,1R2ni98s7x2CUtYaj1LD4T,0.280507
5p9IGH0xpbhJI9d8YWJe47,1GqAFWj0HSbX055zDc94Wj,0.307902
5p9IGH0xpbhJI9d8YWJe47,4Cf7INHovrVKQOQNOStdH8,0.371142
2vBI49IdIk4DkM3SqmCJn4,2gV3PVl3vcZglRGmOfyH1w,0.335384
2vBI49IdIk4DkM3SqmCJn4,0nKhpvNOgd6Ix37bSlJXNe,0.366245
2vBI49IdIk4DkM3SqmCJn4,11MSEhq5iXRC4mFgezdaLs,0.456002
2vBI49IdIk4DkM3SqmCJn4,5aIjMoNIRhwNychOb2lC7k,0.472059
7eX5SypK35V8Y9d9pS6rWy,2vBI49IdIk4DkM3SqmCJn4,0.479671
5ylZg67RolznfPfjT2uE1W,7qqX9USUjXHTBVeC0kLeJy,0.199291
5ylZg67RolznfPfjT2uE1W,3DI3NhuSKftr5PkMQWOf3n,0.242408
5ylZg67RolznfPfjT2uE1W,0PbqwOxRshUkoGOKFcO6z2,0.256229
5ylZg67RolznfPfjT2uE1W,6esLMv3uuSmQ1nw2wQnqgA,0.296434
5ylZg67RolznfPfjT2uE1W,44DFFra1iTFvIGpzVlRHFx,0.303214
5JEx7HbmvHQQswJCsoo9rA,1KvyBpAxgllKW7bQb0GYCR,0.202764
5JEx7HbmvHQQswJCsoo9rA,0NwYzWs6UOFTQYKTYPQWyg,0.247838
5JEx7HbmvHQQswJCsoo9rA,0Ki1LxOG8z8ywTCcUT3ugq,0.251261
5JEx7HbmvHQQswJCsoo9rA,1UnlBvfKYZ22zCx0gbSsgX,0.255544
5JEx7HbmvHQQswJCsoo9rA,493Rk3iS7rs8uPfpnfm95u,0.260166
3DI3NhuSKftr5PkMQWOf3n,63IZIrLwNjZOJ4nZlNXuAH,0.223013
3DI3NhuSKftr5PkMQWOf3n,6rUp7v3l8yC4TKxAAR5Bmx,0.225533
3DI3NhuSKftr5PkMQWOf3n,0PbqwOxRshUkoGOKFcO6z2,0.230329
3DI3NhuSKftr5PkMQWOf3n,7JZYv0kbkfPdTdpCU9P7KD,0.231058
3DI3NhuSKftr5PkMQWOf3n,3pVVFQ4D1yRBpztapn2hHG,0.237864
5xYo5LTrgAeJiaE31gIKmt,6qRg9P6r9Ed6GyIfEu1JaZ,0.64403
5xYo5LTrgAeJiaE31gIKmt,3nFwh8bSIFzeVOnKZKzacA,0.698981
5xYo5LTrgAeJiaE31gIKmt,54fUIuyRiTAdLX4cIOsiLK,0.848885
5xYo5LTrgAeJiaE31gIKmt,01R8E80wecrjrq6iwrdZx3,0.942012
5xYo5LTrgAeJiaE31gIKmt,1r4vEAZ09lGIm8eusrJDdq,0.981174
3ddp87sShpWPenS7M4t9uj,6O1VWYPfl85dDeKiaCJKza,0.257983
3ddp87sShpWPenS7M4t9uj,5GpK2be6lGPawut1iSqOKN,0.268896
3ddp87sShpWPenS7M4t9uj,5ZZuiMFxl85qakgTZQapsc,0.287793
3ddp87sShpWPenS7M4t9uj,6esLMv3uuSmQ1nw2wQnqgA,0.294618
142YjJNOuXjzeSDnB1ujw1,2w2WGSwcfSoZMpA9NKI2lj,0.289612
142YjJNOuXjzeSDnB1ujw1,5pV61B6b5kcy1ysaPL8iON,0.315497
142YjJNOuXjzeSDnB1ujw1,0pnulKmG8ETBuzY2NUoxRO,0.331711
142YjJNOuXjzeSDnB1ujw1,65jxTo343ORwsnyEQSoFzt,0.331783
142YjJNOuXjzeSDnB1ujw1,7FNClArpU0MQIIkAU5VSwh,0.338475
61Ad95lVR8KdblY5He6SY8,1WrE2xWhT5gLrYq8D1oPYw,0.354267
61Ad95lVR8KdblY5He6SY8,0F78T5bfHQCliaNjBkIYBq,0.377109
7rwgTaHmd0vgpxcshUNCxD,61Ad95lVR8KdblY5He6SY8,0.394159
61Ad95lVR8KdblY5He6SY8,7kEwwmnAkgoll8koLkwZeC,0.415814
61Ad95lVR8KdblY5He6SY8,4ClHOBQG9QNcqzfzFmXj39,0.42755
750vuAyjSZGt53r570s8ML,3D4J0o9w44QKFrBrYrSVJY,0.231335
750vuAyjSZGt53r570s8ML,3M4yuiVRtLLiVAKWEWDDK0,0.249262
750vuAyjSZGt53r570s8ML,7kEwwmnAkgoll8koLkwZeC,0.286161
750vuAyjSZGt53r570s8ML,5vSqKl0SxirLoaO3802hs7,0.302626
11jMqNuaE2vTsBBjESguoL,5JSwpFI18XqMckY8HKDail,0.217827
11jMqNuaE2vTsBBjESguoL,1udKn1oNKYQSQ9OmiIWCMu,0.236793
11jMqNuaE2vTsBBjESguoL,30Lcy59RiXJKMVVkwhfdle,0.24018
11jMqNuaE2vTsBBjESguoL,4vworrZL7bZN3Jk4Yh1GJt,0.250453
11jMqNuaE2vTsBBjESguoL,4pyQ5n3teYo2C89zE3NBrM,0.257104
7kEwwmnAkgoll8koLkwZeC,4ClHOBQG9QNcqzfzFmXj39,0.191449
7kEwwmnAkgoll8koLkwZeC,0F78T5bfHQCliaNjBkIYBq,0.224349
7kEwwmnAkgoll8koLkwZeC,3D4J0o9w44QKFrBrYrSVJY,0.283078
0dfKQSS9o3pfSducqHXaCy,6pW1AQhs75Cc5WTgoRQ8vi,0.359495
0dfKQSS9o3pfSducqHXaCy,5ovqe99T1FShehFNSs9qgy,0.474356
0dfKQSS9o3pfSducqHXaCy,3joSo5cx7WLe18uEEdu3Oj,0.504038
0dfKQSS9o3pfSducqHXaCy,1r4vEAZ09lGIm8eusrJDdq,0.53986
0dfKQSS9o3pfSducqHXaCy,06hScW2F8wdPVjlagETKdC,0.576587
3gHGMXEUhVHl4cxOXX3Rmq,2HbYLDA1SigY1ilC94ieVu,0.103673
3gHGMXEUhVHl4cxOXX3Rmq,5K1m4aaPCxwnm9SKlWW1vh,0.169526
1dxbiVeiV7nQ2V9qXnhJiB,493Rk3iS7rs8uPfpnfm95u,0.251493
1dxbiVeiV7nQ2V9qXnhJiB,5UYOvPQypiNSK23KqOq2JI,0.267863
5JCQF2iHu8EZ9voUThQ0Kz,1dxbiVeiV7nQ2V9qXnhJiB,0.278735
1dxbiVeiV7nQ2V9qXnhJiB,2LkhllqfKQXg7j9FRsytfM,0.289462
1dxbiVeiV7nQ2V9qXnhJiB,4LvYquU4UExvNblt5UDwS6,0.292169
65P0LJJh9vEa5yR6S2xIZR,6D33wCKzWtNEgOovgeVJ7r,0.365056
7rwgTaHmd0vgpxcshUNCxD,65P0LJJh9vEa5yR6S2xIZR,0.376668
65P0LJJh9vEa5yR6S2xIZR,65vdMBskhx3akkG9vQlSH1,0.376892
65P0LJJh9vEa5yR6S2xIZR,4ClHOBQG9QNcqzfzFmXj39,0.382454
65P0LJJh9vEa5yR6S2xIZR,0xtSFqbkJ8BS9oRmsJ1aPD,0.394223
7ht7UcsH5dlcaFX5pMHycn,5029vpQu4KlJp0Kqobuc01,0.201054
6455q2sm0znfcevxSCzMMW,5029vpQu4KlJp0Kqobuc01,0.241557
5029vpQu4KlJp0Kqobuc01,46lFttIf5hnUZMGvjK0Wxo,0.249923
5029vpQu4KlJp0Kqobuc01,08kSDRN3ZUB5V5ba2Rt5KB,0.251106
7H10smyqYA7G23KkZwfipP,38Qvhp5yjj5uizSxVdcucY,0.20467
7H10smyqYA7G23KkZwfipP,614GWtz7F9A61E9OPZqNkU,0.233529
7H10smyqYA7G23KkZwfipP,7LGyAwowOr72wiBTsEL4tL,0.262223
7H10smyqYA7G23KkZwfipP,0v0pc1lIt5p6EBX7pnfOGF,0.292234
7H10smyqYA7G23KkZwfipP,6C03gklNCQFyrZzm9NMzzn,0.299704
0mfpgk7oDsLabYsuaUK3hi,5tg61WGZrVzolByJ44C9PJ,0.231769
0mfpgk7oDsLabYsuaUK3hi,7dlCAK8HdnI6UGHqZkfvJT,0.283114
0mfpgk7oDsLabYsuaUK3hi,6esLMv3uuSmQ1nw2wQnqgA,0.297815
0mfpgk7oDsLabYsuaUK3hi,6aNiR1YsERzcABil2gYQ1b,0.298495
0mfpgk7oDsLabYsuaUK3hi,6mJsNQ421nQ3nBZKO1pICU,0.299657
7a44KQsZopbdTRnn53X5qF,2gmVKYuax3xbfdpivy0xpd,0.259905
7a44KQsZopbdTRnn53X5qF,2j3XrxnGKhPJVvSGDpoRFJ,0.327053
7a44KQsZopbdTRnn53X5qF,1njhygLOG5xCfVwNPktfgW,0.348303
7a44KQsZopbdTRnn53X5qF,2gV3PVl3vcZglRGmOfyH1w,0.360319
7a44KQsZopbdTRnn53X5qF,6WxgD0syay32FVFtmLqe3M,0.380128
3nFwh8bSIFzeVOnKZKzacA,6qRg9P6r9Ed6GyIfEu1JaZ,0.670355
3nFwh8bSIFzeVOnKZKzacA,54fUIuyRiTAdLX4cIOsiLK,0.85935
0dfKQSS9o3pfSducqHXaCy,3nFwh8bSIFzeVOnKZKzacA,0.892588
3nFwh8bSIFzeVOnKZKzacA,6pW1AQhs75Cc5WTgoRQ8vi,0.978371
6CuTbIg3qRPZs1XEJxoEbY,5KJaEu2ZMIt9FMvofqUgmg,0.326238
6CuTbIg3qRPZs1XEJxoEbY,493QaNbrvbEiQdPH9hDP6z,0.34156
6CuTbIg3qRPZs1XEJxoEbY,4eTUG3TF3lQuar1lLkN0cG,0.355499
6CuTbIg3qRPZs1XEJxoEbY,06KyNuuMOX1ROXRhj787tj,0.361532
0mfpgk7oDsLabYsuaUK3hi,6CuTbIg3qRPZs1XEJxoEbY,0.365283
06hScW2F8wdPVjlagETKdC,6pW1AQhs75Cc5WTgoRQ8vi,0.367426
06hScW2F8wdPVjlagETKdC,7og8AbGlEOEA3bQY6cjLCh,0.491738
06hScW2F8wdPVjlagETKdC,7ajVYJt15NuE3NmzxSHOyS,0.496577
06hScW2F8wdPVjlagETKdC,76Bt5vjnbxyr0JmxZKToTW,0.531936
6X4OcPBYwrT4SVcQ6uwJod,6LA7WgwRca4bYg7Ip50dqN,0.293431
6HGoVbCUr63SgU3TjxEVj6,6X4OcPBYwrT4SVcQ6uwJod,0.340875
6X4OcPBYwrT4SVcQ6uwJod,7k7DnptxRrSXcTdEPd1R4F,0.360285
1sZyestTGfOxWKRxdVdKuA,6X4OcPBYwrT4SVcQ6uwJod,0.39027
0jcnKiHDwgcgBUokWDckX9,36MZOdQU8d3UFzdiYWgozI,0.230899
1ErVAnzjNvyXSodWbOTYNu,0jcnKiHDwgcgBUokWDckX9,0.280757
0jcnKiHDwgcgBUokWDckX9,5mcxpGvbTqusAuJNYGiO4O,0.286771
0jcnKiHDwgcgBUokWDckX9,5tiZBnx5IvETA0Pj3gELjn,0.301896
0jcnKiHDwgcgBUokWDckX9,5xhs3I7Rnbli2emfWl2O5L,0.321277
6h3lMAmmpQDFqoHk9F99IR,2j0xMbhqTwks1L3PeOhywh,0.136023
6h3lMAmmpQDFqoHk9F99IR,5f8xBaP905M0O65CGHwDl4,0.177349
6h3lMAmmpQDFqoHk9F99IR,0hBN7k2AAmbc0mM4cUAmQH,0.177986
6h3lMAmmpQDFqoHk9F99IR,2wrthwkXNBuyKWd3chV33u,0.197793
6h3lMAmmpQDFqoHk9F99IR,5tiZBnx5IvETA0Pj3gELjn,0.204204
1R2ni98s7x2CUtYaj1LD4T,5HrYsy4vBjmIRvSzzLSRDo,0.125726
1R2ni98s7x2CUtYaj1LD4T,6uA1qGKf0r5uYIg1aMhn7c,0.31871
1R2ni98s7x2CUtYaj1LD4T,2uzlv8PjqsVvF1DhEahyhy,0.330771
1R2ni98s7x2CUtYaj1LD4T,4Cf7INHovrVKQOQNOStdH8,0.379409
4Vb4JXSztWD2GXNqKs1GJs,1xFkcJjWuLlq8CIymwSTw9,0.126476
4Vb4JXSztWD2GXNqKs1GJs,7DroPZbnPTJZSZtax3swP8,0.253794
4Vb4JXSztWD2GXNqKs1GJs,1udKn1oNKYQSQ9OmiIWCMu,0.265232
4Vb4JXSztWD2GXNqKs1GJs,4PPJY2E8YwiDSaiug98qIp,0.2901
4Vb4JXSztWD2GXNqKs1GJs,6ST2sndt6ieETDBzOSR063,0.291944
5JSwpFI18XqMckY8HKDail,30Lcy59RiXJKMVVkwhfdle,0.113488
5JSwpFI18XqMckY8HKDail,5DZwfsbwZXnKuUPAvrzipC,0.139646
5JSwpFI18XqMckY8HKDail,35lxFAny9XDBkvE6r9j4uG,0.191787
5JSwpFI18XqMckY8HKDail,5UYOvPQypiNSK23KqOq2JI,0.229454
0WK81brZVfvmqLTwFgcGL6,11MSEhq5iXRC4mFgezdaLs,0.243106
0WK81brZVfvmqLTwFgcGL6,5vu8n8MB3P2hoY19SYMn9o,0.295903
0WK81brZVfvmqLTwFgcGL6,41pfw6bbeD1KXXbU44wsws,0.300463
0WK81brZVfvmqLTwFgcGL6,45VqWgUpU1XiMaCtKZBxkj,0.362692
2DnRsN2mYahVz6tMlpGYdA,0vdZk0uHh0PaEQpY5PHG6n,0.240888
2DnRsN2mYahVz6tMlpGYdA,4sO7A5yF6SfqiHeINS61DE,0.283855
2DnRsN2mYahVz6tMlpGYdA,4s7Me2OrjR7tIeeiWmZnK5,0.289715
2DnRsN2mYahVz6tMlpGYdA,2wrthwkXNBuyKWd3chV33u,0.336988
2DnRsN2mYahVz6tMlpGYdA,4FL8i7miD18FuMN08XGKcM,0.353247
1Gz2E1chOzRyhFXHJYWw8y,1KvyBpAxgllKW7bQb0GYCR,0.207652
1Gz2E1chOzRyhFXHJYWw8y,56U1WCUL6mbxoSSYgbBame,0.215172
1Gz2E1chOzRyhFXHJYWw8y,4YN9siPoiy8fc8pAOdy6xS,0.246591
5pqH6aEfTKoFCr7IE6urm3,1Gz2E1chOzRyhFXHJYWw8y,0.260922
1Gz2E1chOzRyhFXHJYWw8y,2LkhllqfKQXg7j9FRsytfM,0.269818
01Q3OyB05mLgH01fpdAMPP,2EqlS6tkEnglzr7tkKAAYD,0.320509
0sr2pcHb3tnWqIgZU1Urj6,01Q3OyB05mLgH01fpdAMPP,0.375073
4kflXMtDdukfphfpvp1708,01Q3OyB05mLgH01fpdAMPP,0.377049
6Nm4X6HWL4TNSMGClw52Xf,01Q3OyB05mLgH01fpdAMPP,0.387166
01Q3OyB05mLgH01fpdAMPP,7lYdF3SC4SCJPg5kROvXWx,0.397264
6lfesPvu16ExPnecELeMwt,6njmP9TqyeVi3DUioVULY2,0.349318
1dxbiVeiV7nQ2V9qXnhJiB,6lfesPvu16ExPnecELeMwt,0.379442
11jMqNuaE2vTsBBjESguoL,6lfesPvu16ExPnecELeMwt,0.424862
6lfesPvu16ExPnecELeMwt,1udKn1oNKYQSQ9OmiIWCMu,0.435796
6lfesPvu16ExPnecELeMwt,493Rk3iS7rs8uPfpnfm95u,0.441798
76Bt5vjnbxyr0JmxZKToTW,7og8AbGlEOEA3bQY6cjLCh,0.14734
76Bt5vjnbxyr0JmxZKToTW,7ajVYJt15NuE3NmzxSHOyS,0.286275
76Bt5vjnbxyr0JmxZKToTW,2l2zYplvdjpRDEAmoHKX0t,0.310462
76Bt5vjnbxyr0JmxZKToTW,4UZifG6wVTl3dFIeHKLi8y,0.443526
76Bt5vjnbxyr0JmxZKToTW,2rZ113Rwo5iwIA2orRpDKI,0.494495
7iXPSlDdL0EQwPFtUR8ye1,4MDP7HRognLy05tr1MlKek,0.116188
7iXPSlDdL0EQwPFtUR8ye1,7xx2Ku5iifWgkc0w2By4TR,0.136547
7iXPSlDdL0EQwPFtUR8ye1,49Gfk8HqWfFce5YDMfhzFX,0.149779
7iXPSlDdL0EQwPFtUR8ye1,5IgElbSREzVyqgf1OCuKJd,0.189707
7iXPSlDdL0EQwPFtUR8ye1,06KyNuuMOX1ROXRhj787tj,0.209517
0pS1COD3QAwZqVbHkqBBWZ,1ASgWE2xwIXQmniMfwvOL9,0.259713
2PWTZV5znjLtZC5T1EVJvL,1ASgWE2xwIXQmniMfwvOL9,0.263514
1ASgWE2xwIXQmniMfwvOL9,7lYdF3SC4SCJPg5kROvXWx,0.295687
5tg61WGZrVzolByJ44C9PJ,6aNiR1YsERzcABil2gYQ1b,0.276621
5tg61WGZrVzolByJ44C9PJ,6mJsNQ421nQ3nBZKO1pICU,0.305121
5tg61WGZrVzolByJ44C9PJ,1pW5BQT2ltq0NPSlbkev0v,0.320365
5tg61WGZrVzolByJ44C9PJ,1gV0hgMNdpSWeW7ZjSUKnX,0.349964
5cUH0jGZStImc41LbHSjhA,1uekuY2LCOUwsHhh8oPTrB,0.224179
0S4Zf256BJU9wCHeBNsGmj,5cUH0jGZStImc41LbHSjhA,0.284449
2s4AbiaTKGrKldnICBxaWW,5cUH0jGZStImc41LbHSjhA,0.305301
5cUH0jGZStImc41LbHSjhA,1UnlBvfKYZ22zCx0gbSsgX,0.306628
4MDP7HRognLy05tr1MlKek,49Gfk8HqWfFce5YDMfhzFX,0.116087
4MDP7HRognLy05tr1MlKek,5IgElbSREzVyqgf1OCuKJd,0.17874
4MDP7HRognLy05tr1MlKek,5khYjyvP68aobZCSnobv6l,0.186289
4MDP7HRognLy05tr1MlKek,7xx2Ku5iifWgkc0w2By4TR,0.187056
6esLMv3uuSmQ1nw2wQnqgA,44DFFra1iTFvIGpzVlRHFx,0.196436
6esLMv3uuSmQ1nw2wQnqgA,7iOm7tuQZeqXqzBZJ14CSM,0.253543
6esLMv3uuSmQ1nw2wQnqgA,5knSvwiFenQOkDoriHi2Rg,0.261318
4c2OHigULUHASnUdOEO7HQ,6esLMv3uuSmQ1nw2wQnqgA,0.271535
4pyQ5n3teYo2C89zE3NBrM,35lxFAny9XDBkvE6r9j4uG,0.181171
4pyQ5n3teYo2C89zE3NBrM,3mRM4NM8iO7UBqrSigCQFH,0.184384
4pyQ5n3teYo2C89zE3NBrM,2wrthwkXNBuyKWd3chV33u,0.219271
6ts6Ie41SzPSKWkHrv3t2F,2GTMvEjoCKe52M5936CFLO,0.065649
6ts6Ie41SzPSKWkHrv3t2F,06Q3gof2rs8ErXzBrW1aVg,0.136924
6ts6Ie41SzPSKWkHrv3t2F,08kSDRN3ZUB5V5ba2Rt5KB,0.160607
6ts6Ie41SzPSKWkHrv3t2F,0JWpbl3Ppr71ONy6VDP5vu,0.176687
1yexB9BhPJFMiFHzdNhVqt,4ClHOBQG9QNcqzfzFmXj39,0.208681
7rwgTaHmd0vgpxcshUNCxD,1yexB9BhPJFMiFHzdNhVqt,0.251517
1yexB9BhPJFMiFHzdNhVqt,6D33wCKzWtNEgOovgeVJ7r,0.276885
1yexB9BhPJFMiFHzdNhVqt,0xtSFqbkJ8BS9oRmsJ1aPD,0.288924
7kEwwmnAkgoll8koLkwZeC,1yexB9BhPJFMiFHzdNhVqt,0.293893
6uA1qGKf0r5uYIg1aMhn7c,2uzlv8PjqsVvF1DhEahyhy,0.25038
6uA1qGKf0r5uYIg1aMhn7c,1rLBRiCpwMRafxSwkGkbe5,0.257262
6uA1qGKf0r5uYIg1aMhn7c,65vdMBskhx3akkG9vQlSH1,0.304078
2khycHO9eUab1YJbWgKCro,6ppefZt5uQ62aHAfSa1Jx9,0.221514
7GDwYUuvu1qjah9rAH15AH,2khycHO9eUab1YJbWgKCro,0.245499
2khycHO9eUab1YJbWgKCro,3ysUkfcrFwvXweDt0cliH8,0.298072
1gcESexgftSuLuML57Y69q,2khycHO9eUab1YJbWgKCro,0.327858
0tCdKWakn9sA3forNMxzdV,2khycHO9eUab1YJbWgKCro,0.32804
0abrZlp7Tjat7QRg7hn4ME,1ldgvhH6LICt9ZPIkMVhlP,0.396486
0abrZlp7Tjat7QRg7hn4ME,0UkpfwUKYe6uzYxhH3KnIB,0.407613
0abrZlp7Tjat7QRg7hn4ME,2biGEMYnKkiqJXkS8Koiaw,0.453182
0abrZlp7Tjat7QRg7hn4ME,1ptN31lBfOZKJPsQMm1Whb,0.540847
0abrZlp7Tjat7QRg7hn4ME,2eh0oh1lxi9ZMaor7ILEtY,0.551104
7DWCf9hn18mUO4p5JWRcTS,7DroPZbnPTJZSZtax3swP8,0.172976
7DWCf9hn18mUO4p5JWRcTS,1eOW35r7fBIrpzRMBbnGXQ,0.214879
7DWCf9hn18mUO4p5JWRcTS,4PPJY2E8YwiDSaiug98qIp,0.270501
7DWCf9hn18mUO4p5JWRcTS,7AlLcDIuTrBif79HvTRz0S,0.29051
7DWCf9hn18mUO4p5JWRcTS,7frumfCbPME9rnrbBB7qZ7,0.327911
47T1jNQizR8E8e8SpvXNog,6etAsc19pzAmugWALZjpDo,0.405444
47T1jNQizR8E8e8SpvXNog,2CD1dVhWq229x7FJJFnese,0.413446
47T1jNQizR8E8e8SpvXNog,5tE6O5aR5b7krAkQnPrkYC,0.476739
47T1jNQizR8E8e8SpvXNog,5vu8n8MB3P2hoY19SYMn9o,0.483853
47T1jNQizR8E8e8SpvXNog,7o9yuI0dvhbNVkiUaG1z7T,0.486856
3WBRfkOozHEsG0hbrBzwlm,0zACuA5TckBs58Vc8iwFYx,0.174526
3WBRfkOozHEsG0hbrBzwlm,0XUbq6STWcxFC6qrU09tE1,0.206927
3WBRfkOozHEsG0hbrBzwlm,5vnwBJxMnwGPPG2U3tToJc,0.209496
3WBRfkOozHEsG0hbrBzwlm,5Ce9z7GqSknXccyppRxNLY,0.217382
3WBRfkOozHEsG0hbrBzwlm,74fmOZkSwZfQlir02KmDwH,0.233757
3pVVFQ4D1yRBpztapn2hHG,6rUp7v3l8yC4TKxAAR5Bmx,0.214693
3pVVFQ4D1yRBpztapn2hHG,6XimI1O15wpfwUdrCnlrxo,0.214756
3pVVFQ4D1yRBpztapn2hHG,2CyC1KQ5aliVQPIxz1ak3B,0.218181
0HDO6JFfplYPrSWuufUosZ,6D33wCKzWtNEgOovgeVJ7r,0.214444
0HDO6JFfplYPrSWuufUosZ,0F78T5bfHQCliaNjBkIYBq,0.273843
0HDO6JFfplYPrSWuufUosZ,3D4J0o9w44QKFrBrYrSVJY,0.280029
4tkN2pk11GYamfmIz8tmKa,38Qvhp5yjj5uizSxVdcucY,0.23896
4tkN2pk11GYamfmIz8tmKa,3D4J0o9w44QKFrBrYrSVJY,0.310436
7H10smyqYA7G23KkZwfipP,4tkN2pk11GYamfmIz8tmKa,0.335926
4tkN2pk11GYamfmIz8tmKa,5ARrtxJLVCeTv5TWo1oKgC,0.336997
3bc6MVpDA0hm4DbuqD2r9C,3XN6gsqRw1EzezEdgQmKO7,0.136816
3bc6MVpDA0hm4DbuqD2r9C,3HCDGtLZabH3umLgwCBpDB,0.171519
3bc6MVpDA0hm4DbuqD2r9C,4RFZf8MdqN4oHGFXsFkYDj,0.173264
3bc6MVpDA0hm4DbuqD2r9C,5fwSHlTEWpluwOM0Sxnh5k,0.225733
1gOmVDqb4YmcCNbPA32V3n,2WaA5bVXcIqqpz9j0gd7qK,0.385239
1gOmVDqb4YmcCNbPA32V3n,7AoQay4gO0sdMUi641ghSH,0.422989
1gOmVDqb4YmcCNbPA32V3n,6WxgD0syay32FVFtmLqe3M,0.44713
1gOmVDqb4YmcCNbPA32V3n,7aoBSmPHwNXYtMVxR9FVOd,0.44788
6Zpj4XvoH4xNp2wCa6X96y,1gOmVDqb4YmcCNbPA32V3n,0.464286
1ZdhOMWyFR8Iv9eylMGYg2,7iOm7tuQZeqXqzBZJ14CSM,0.26564
1ZdhOMWyFR8Iv9eylMGYg2,04GunTYlMUoEnc5pwzQANm,0.275036
1ZdhOMWyFR8Iv9eylMGYg2,5ZZuiMFxl85qakgTZQapsc,0.287907
6esLMv3uuSmQ1nw2wQnqgA,1ZdhOMWyFR8Iv9eylMGYg2,0.291268
0v0pc1lIt5p6EBX7pnfOGF,6C03gklNCQFyrZzm9NMzzn,0.209264
0v0pc1lIt5p6EBX7pnfOGF,5OiONTndVC5YOMXg6VC5xs,0.293275
0v0pc1lIt5p6EBX7pnfOGF,2Huc0pVL2qSVn9YD9ylRcz,0.308753
5khYjyvP68aobZCSnobv6l,0xtSFqbkJ8BS9oRmsJ1aPD,0.142058
5khYjyvP68aobZCSnobv6l,1Wdj4wRDYS7aT4CoPS0mAH,0.174189
5khYjyvP68aobZCSnobv6l,6fchBDwnte5dnhwEV09qof,0.223353
6WxgD0syay32FVFtmLqe3M,2WaA5bVXcIqqpz9j0gd7qK,0.279227
6WxgD0syay32FVFtmLqe3M,7aoBSmPHwNXYtMVxR9FVOd,0.33801
79vEv8zqy9tLYsTxxkXHXq,2Pu5TsQ90hDVUZmuNDnzJc,0.296989
79vEv8zqy9tLYsTxxkXHXq,2OTGmFUoJDx8scC8PO87V0,0.314174
79vEv8zqy9tLYsTxxkXHXq,6ST2sndt6ieETDBzOSR063,0.33149
79vEv8zqy9tLYsTxxkXHXq,4Qkl4TpmZCwIINFPI6fS23,0.332035
79vEv8zqy9tLYsTxxkXHXq,1GqAFWj0HSbX055zDc94Wj,0.347797
68n2q0d444mHKSbp0CXx7i,3pDhN3qB33AOPhQEkUCaWt,0.357512
68n2q0d444mHKSbp0CXx7i,5AyL2kgLtTWEu3qO3B9SqK,0.376064
7g96GMqMFfkrzEvDwSIWzQ,68n2q0d444mHKSbp0CXx7i,0.387927
68n2q0d444mHKSbp0CXx7i,06RouQ8MtzC4OUWXnVugei,0.390151
31Hu0lcugWlMvAJh93OkNj,68n2q0d444mHKSbp0CXx7i,0.423767
2jzxWQlR0pZ2IUvk95nsfX,7s5r0wxGA8YAG9LswkHreu,0.324247
2jzxWQlR0pZ2IUvk95nsfX,3b0cJPguhWOh2hjY6Lu192,0.336527
2jzxWQlR0pZ2IUvk95nsfX,5UYOvPQypiNSK23KqOq2JI,0.34091
2jzxWQlR0pZ2IUvk95nsfX,2LkhllqfKQXg7j9FRsytfM,0.354305
2jzxWQlR0pZ2IUvk95nsfX,0z1iZISYRfJPhE0VDRXVCJ,0.365163
74pMd2gI5hbtJs4RnSp3ye,6Av4y1NzrI41HkoqxQgMk3,0.129838
6ts6Ie41SzPSKWkHrv3t2F,74pMd2gI5hbtJs4RnSp3ye,0.220202
74pMd2gI5hbtJs4RnSp3ye,6KnNDix4Owr4vNmsPhLmxD,0.230262
74pMd2gI5hbtJs4RnSp3ye,2GTMvEjoCKe52M5936CFLO,0.253412
7ht7UcsH5dlcaFX5pMHycn,74pMd2gI5hbtJs4RnSp3ye,0.255254
2R7qip8VANCHLVYsov9zbT,5ZZuiMFxl85qakgTZQapsc,0.59027
2R7qip8VANCHLVYsov9zbT,1mBsA7LPkVA9SuHEJdcE53,0.616027
2R7qip8VANCHLVYsov9zbT,2DP1HBd70hKwgNxQwMaG8z,0.617115
1ZdhOMWyFR8Iv9eylMGYg2,2R7qip8VANCHLVYsov9zbT,0.62239
6Nm4X6HWL4TNSMGClw52Xf,2R7qip8VANCHLVYsov9zbT,0.630264
0xtSFqbkJ8BS9oRmsJ1aPD,1Wdj4wRDYS7aT4CoPS0mAH,0.206206
4MDP7HRognLy05tr1MlKek,0xtSFqbkJ8BS9oRmsJ1aPD,0.207254
0xtSFqbkJ8BS9oRmsJ1aPD,6KTG1O45PqNxpXhPwXX9BD,0.248952
35ES4VMxOzu4TtYulIL52v,6rUp7v3l8yC4TKxAAR5Bmx,0.168238
35ES4VMxOzu4TtYulIL52v,7JZYv0kbkfPdTdpCU9P7KD,0.182363
35ES4VMxOzu4TtYulIL52v,4oPwiOa5pPq8Raa6phjiEE,0.233777
35ES4VMxOzu4TtYulIL52v,63IZIrLwNjZOJ4nZlNXuAH,0.235628
35ES4VMxOzu4TtYulIL52v,44DFFra1iTFvIGpzVlRHFx,0.240204
3zuzfS5hHgSTzTUW6bw6Z8,7AlLcDIuTrBif79HvTRz0S,0.271166
3zuzfS5hHgSTzTUW6bw6Z8,4PPJY2E8YwiDSaiug98qIp,0.279061
4Vb4JXSztWD2GXNqKs1GJs,3zuzfS5hHgSTzTUW6bw6Z8,0.340655
3zuzfS5hHgSTzTUW6bw6Z8,7DroPZbnPTJZSZtax3swP8,0.342062
3zuzfS5hHgSTzTUW6bw6Z8,1xFkcJjWuLlq8CIymwSTw9,0.368123
5knSvwiFenQOkDoriHi2Rg,2hv3PVAj6KKDOVNhyRfjeG,0.169851
5knSvwiFenQOkDoriHi2Rg,0B2Rij48hhqlJFFUpr6bPv,0.188658
5knSvwiFenQOkDoriHi2Rg,7dlCAK8HdnI6UGHqZkfvJT,0.202108
5knSvwiFenQOkDoriHi2Rg,0PbqwOxRshUkoGOKFcO6z2,0.204521
5knSvwiFenQOkDoriHi2Rg,2OaVtgFRFY3xfHjEJxqHhI,0.215596
1xniUfCvv0CGGHgbZD5C0q,5vnwBJxMnwGPPG2U3tToJc,0.241618
5vnwBJxMnwGPPG2U3tToJc,7dlCAK8HdnI6UGHqZkfvJT,0.243435
5vnwBJxMnwGPPG2U3tToJc,5W8HXMOMLtXLz0RGKUtnlZ,0.25769
2SvP6VWIoq4CQ2IbdZEmcU,5Nybr2NCZrKAOk7Eu2YitB,0.19884
2SvP6VWIoq4CQ2IbdZEmcU,30vwZnErkvSYrhEvfAfJnp,0.206515
737yse38y2hsWQeNRrLaMY,2SvP6VWIoq4CQ2IbdZEmcU,0.227747
2SvP6VWIoq4CQ2IbdZEmcU,4OkD8oWu6iojf76kkk9LiU,0.265163
0lozAj904nKA5sb3C6aAPu,1G1mrICbuolSOEzWcTOEft,0.253064
0lozAj904nKA5sb3C6aAPu,1eEWigdKC7UyhnfUBax4Ii,0.262331
3oZ1DkKe2ZcvPh5Ffv6L0c,0lozAj904nKA5sb3C6aAPu,0.30271
0lozAj904nKA5sb3C6aAPu,5YkKpbHgr62AmlkLh2pwDc,0.305814
2AqyijFrqiMBs5P7fe5A9w,4kD3hULynIfyLp6rIYxSAi,0.211779
2AqyijFrqiMBs5P7fe5A9w,40FDafNFtz0jDyzCn3MaMs,0.374838
2AqyijFrqiMBs5P7fe5A9w,1ptN31lBfOZKJPsQMm1Whb,0.413625
2AqyijFrqiMBs5P7fe5A9w,2ZDTK8AijLvCPttN360zk0,0.436991
2AqyijFrqiMBs5P7fe5A9w,4wpiCbMBTecn6LZBy0053F,0.457445
3elfs833jEBAz1QkXm6qqF,27HnK724hIqv0Td5jT33T0,0.0
3elfs833jEBAz1QkXm6qqF,0zACuA5TckBs58Vc8iwFYx,0.415794
3elfs833jEBAz1QkXm6qqF,6gijbGNDNNJgT60Aj7UCyc,0.430289
3elfs833jEBAz1QkXm6qqF,5bSSkaqVo0qsOmtYOcPpp3,0.432408
3elfs833jEBAz1QkXm6qqF,0wnZAXlg3CPUgAKFQblzff,0.447934
0XUbq6STWcxFC6qrU09tE1,6gijbGNDNNJgT60Aj7UCyc,0.158651
0XUbq6STWcxFC6qrU09tE1,0zACuA5TckBs58Vc8iwFYx,0.16311
0XUbq6STWcxFC6qrU09tE1,2D52zjCyqEIQa221lhw6uk,0.210885
0S4Zf256BJU9wCHeBNsGmj,4AF28ndq103b56Tjivd9Tb,0.232243
4AF28ndq103b56Tjivd9Tb,06Q3gof2rs8ErXzBrW1aVg,0.233053
6ts6Ie41SzPSKWkHrv3t2F,4AF28ndq103b56Tjivd9Tb,0.25756
4AF28ndq103b56Tjivd9Tb,2GTMvEjoCKe52M5936CFLO,0.259748
7ht7UcsH5dlcaFX5pMHycn,4AF28ndq103b56Tjivd9Tb,0.265674
0vgIkHFK8wpogVc1XCi18F,5tE6O5aR5b7krAkQnPrkYC,0.265135
0vgIkHFK8wpogVc1XCi18F,6MoTeX5dtuPZ3hwaecuBkz,0.278181
0vgIkHFK8wpogVc1XCi18F,6etAsc19pzAmugWALZjpDo,0.295613
0vgIkHFK8wpogVc1XCi18F,3eMYc6FK9XvyauIaxcJtRS,0.362656
4j4Gj9DGGf3z5XeoG7otgM,5Q943XYZo0Xvq4qUQebmWC,0.326342
4j4Gj9DGGf3z5XeoG7otgM,45R6DmpsaoqLujIn6qPTPH,0.343083
4j4Gj9DGGf3z5XeoG7otgM,7JZYv0kbkfPdTdpCU9P7KD,0.348419
4j4Gj9DGGf3z5XeoG7otgM,1mBsA7LPkVA9SuHEJdcE53,0.352942
4j4Gj9DGGf3z5XeoG7otgM,63IZIrLwNjZOJ4nZlNXuAH,0.360575
2kkvB3RNRzwjFdGhaUA0tz,2Ey6v4Sekh3Z0RUSISRosD,0.239703
2kkvB3RNRzwjFdGhaUA0tz,48b3btPS19LeSIgOsA8q2c,0.435714
2kkvB3RNRzwjFdGhaUA0tz,5YkKpbHgr62AmlkLh2pwDc,0.440262
2kkvB3RNRzwjFdGhaUA0tz,6gQJAUHKEVpnSGtfcwZ5Pe,0.468781
1BweuW1Vx7eP6VUSXijezL,2kkvB3RNRzwjFdGhaUA0tz,0.48288
6OSVqTKdYoj5jrbCCNPxRR,6XimI1O15wpfwUdrCnlrxo,0.23611
6OSVqTKdYoj5jrbCCNPxRR,7o2CTH4ctstm8TNelqjb51,0.238586
6OSVqTKdYoj5jrbCCNPxRR,0z1iZISYRfJPhE0VDRXVCJ,0.244444
6OSVqTKdYoj5jrbCCNPxRR,5N5v1tfDEPbvK214jUEGgO,0.256032
2IQB5iBapo0Y37Yc0PtIZc,5YkKpbHgr62AmlkLh2pwDc,0.179967
2IQB5iBapo0Y37Yc0PtIZc,1G1mrICbuolSOEzWcTOEft,0.210817
2IQB5iBapo0Y37Yc0PtIZc,5f8xBaP905M0O65CGHwDl4,0.217339
2IQB5iBapo0Y37Yc0PtIZc,30vwZnErkvSYrhEvfAfJnp,0.217353
54fUIuyRiTAdLX4cIOsiLK,7ajVYJt15NuE3NmzxSHOyS,0.518168
54fUIuyRiTAdLX4cIOsiLK,3PvhJcV5xv7E1ImIfbRYeM,0.546717
54fUIuyRiTAdLX4cIOsiLK,7og8AbGlEOEA3bQY6cjLCh,0.551637
54fUIuyRiTAdLX4cIOsiLK,3EN8rqw3foBKi6Ki89hztW,0.55948
54fUIuyRiTAdLX4cIOsiLK,3cGyrppZWoGKI5IA8amT5e,0.562396
4txahEqLKtMJhVe6ezQH8k,6YIooRA9rdKuU85wUMU3Mu,0.297411
4txahEqLKtMJhVe6ezQH8k,2wZ99JXUqr6uoEcWbEZVbf,0.335631
4txahEqLKtMJhVe6ezQH8k,6ST2sndt6ieETDBzOSR063,0.438189
4txahEqLKtMJhVe6ezQH8k,6KTG1O45PqNxpXhPwXX9BD,0.463909
1yexB9BhPJFMiFHzdNhVqt,4txahEqLKtMJhVe6ezQH8k,0.489911
1G1mrICbuolSOEzWcTOEft,5f8xBaP905M0O65CGHwDl4,0.221826
1G1mrICbuolSOEzWcTOEft,1eEWigdKC7UyhnfUBax4Ii,0.232218
1G1mrICbuolSOEzWcTOEft,3WlPw1UubxqvzMhO739BU8,0.246145
2DP1HBd70hKwgNxQwMaG8z,5ZZuiMFxl85qakgTZQapsc,0.356471
2DP1HBd70hKwgNxQwMaG8z,5vSqKl0SxirLoaO3802hs7,0.357335
2DP1HBd70hKwgNxQwMaG8z,39lOHITmszIVH9WF4Jpbum,0.371919
2DP1HBd70hKwgNxQwMaG8z,2eh0oh1lxi9ZMaor7ILEtY,0.398914
2DP1HBd70hKwgNxQwMaG8z,5ARrtxJLVCeTv5TWo1oKgC,0.401918
2ZDTK8AijLvCPttN360zk0,1ptN31lBfOZKJPsQMm1Whb,0.228398
2ZDTK8AijLvCPttN360zk0,7N02vK6QmHRiMVa6oy3HUA,0.240371
2ZDTK8AijLvCPttN360zk0,4wpiCbMBTecn6LZBy0053F,0.281604
2ZDTK8AijLvCPttN360zk0,40FDafNFtz0jDyzCn3MaMs,0.2896
2ZDTK8AijLvCPttN360zk0,0PlD5j3EX8hZjNfH52YSpF,0.291214
2zI4py4xY6v4vIrAlR6GtP,0qUDIt2DaX3CNf9xWR9xIH,0.490558
2zI4py4xY6v4vIrAlR6GtP,7s5r0wxGA8YAG9LswkHreu,0.678628
6WxgD0syay32FVFtmLqe3M,2zI4py4xY6v4vIrAlR6GtP,0.700534
2zI4py4xY6v4vIrAlR6GtP,4iBsDuZKwpqQFsLqL3lj31,0.701232
2zI4py4xY6v4vIrAlR6GtP,2WaA5bVXcIqqpz9j0gd7qK,0.711837
4LvYquU4UExvNblt5UDwS6,309lWVv2Cj83O0MDqthRSM,0.213254
4LvYquU4UExvNblt5UDwS6,493Rk3iS7rs8uPfpnfm95u,0.293973
4LvYquU4UExvNblt5UDwS6,56T8rWR6szMJ22n5bv8DXo,0.305764
4LvYquU4UExvNblt5UDwS6,4JWbH50WabthGhmtduR8b9,0.309933
4xxg28R4JsE5OSyDFlZEmZ,2j0xMbhqTwks1L3PeOhywh,0.151045
4xxg28R4JsE5OSyDFlZEmZ,2wp7OUgPvFipU9fHGjNEcr,0.184739
4xxg28R4JsE5OSyDFlZEmZ,7ed2Ed5z0vMM4bqnZpWKK6,0.197469
4xxg28R4JsE5OSyDFlZEmZ,0hBN7k2AAmbc0mM4cUAmQH,0.202636
6h3lMAmmpQDFqoHk9F99IR,4xxg28R4JsE5OSyDFlZEmZ,0.206114
0lNdaHuRYi0YVNPWW0F7X2,2ZICF8SFI5tHttaLJKMY1X,0.139461
0lNdaHuRYi0YVNPWW0F7X2,3DiRdaZtPrVdb4U2RIuRWm,0.15869
38Qvhp5yjj5uizSxVdcucY,3D4J0o9w44QKFrBrYrSVJY,0.266339
38Qvhp5yjj5uizSxVdcucY,5ARrtxJLVCeTv5TWo1oKgC,0.290186
38Qvhp5yjj5uizSxVdcucY,1xU4U0HkoKrDAkKxbTbda6,0.295732
0gnXIwujywQuC49rsA3db2,1eOW35r7fBIrpzRMBbnGXQ,0.330117
7DWCf9hn18mUO4p5JWRcTS,0gnXIwujywQuC49rsA3db2,0.334265
0gnXIwujywQuC49rsA3db2,5LxvwujISqiB8vpRYv887S,0.34437
0gnXIwujywQuC49rsA3db2,4PPJY2E8YwiDSaiug98qIp,0.35329
0gnXIwujywQuC49rsA3db2,23LQimhaFmor64X8zlbNwL,0.362004
7DroPZbnPTJZSZtax3swP8,7AlLcDIuTrBif79HvTRz0S,0.223419
7DroPZbnPTJZSZtax3swP8,3ZxYktDahEzqvcRPiRje2l,0.251001
7DroPZbnPTJZSZtax3swP8,4PPJY2E8YwiDSaiug98qIp,0.265648
7N02vK6QmHRiMVa6oy3HUA,5EVVBILF2NeX8qpQyxbvYl,0.187575
7N02vK6QmHRiMVa6oy3HUA,4wpiCbMBTecn6LZBy0053F,0.19079
7N02vK6QmHRiMVa6oy3HUA,0XFtG09bUs8yuCZIdoXrkG,0.2032
7N02vK6QmHRiMVa6oy3HUA,1ptN31lBfOZKJPsQMm1Whb,0.261852
4IAzk848l23vRjil53e0nK,3DiRdaZtPrVdb4U2RIuRWm,0.143236
4IAzk848l23vRjil53e0nK,2ZICF8SFI5tHttaLJKMY1X,0.167752
4IAzk848l23vRjil53e0nK,4rXPkKTkE0oYd9OltdFG9K,0.177957
0lNdaHuRYi0YVNPWW0F7X2,4IAzk848l23vRjil53e0nK,0.192171
4IAzk848l23vRjil53e0nK,2dwhMQsFeHr2S787WxqAqW,0.220045
1Wdj4wRDYS7aT4CoPS0mAH,22DrqPUQfcOkv6QmjvHFcB,0.210239
1Wdj4wRDYS7aT4CoPS0mAH,2pGdlCBrS2uulNsI9fdrHs,0.221249
4MDP7HRognLy05tr1MlKek,1Wdj4wRDYS7aT4CoPS0mAH,0.222591
4SrXpaZtMokUhhFkgzDMpK,4PPJY2E8YwiDSaiug98qIp,0.216512
4SrXpaZtMokUhhFkgzDMpK,0oiXbwcUnGIqtT0efGQ6PM,0.233586
4SrXpaZtMokUhhFkgzDMpK,1eOW35r7fBIrpzRMBbnGXQ,0.238085
4SrXpaZtMokUhhFkgzDMpK,0w91MsXVQvuTdKf9BKg6f6,0.251639
7DroPZbnPTJZSZtax3swP8,4SrXpaZtMokUhhFkgzDMpK,0.306723
5aw0QGRRtJmi7nVvKyRaHJ,40FDafNFtz0jDyzCn3MaMs,0.405833
2ZDTK8AijLvCPttN360zk0,5aw0QGRRtJmi7nVvKyRaHJ,0.409193
5aw0QGRRtJmi7nVvKyRaHJ,775OxWq9wfVzmVDS0n3zff,0.429213
5aw0QGRRtJmi7nVvKyRaHJ,4wpiCbMBTecn6LZBy0053F,0.441847
0eNfURq0r0oNSwFyw1VuVT,7frumfCbPME9rnrbBB7qZ7,0.161328
0eNfURq0r0oNSwFyw1VuVT,2ZICF8SFI5tHttaLJKMY1X,0.195826
0eNfURq0r0oNSwFyw1VuVT,3DiRdaZtPrVdb4U2RIuRWm,0.196591
0lNdaHuRYi0YVNPWW0F7X2,0eNfURq0r0oNSwFyw1VuVT,0.218682
2wp7OUgPvFipU9fHGjNEcr,62aZgpepQgr9C5n2EY0qgG,0.2083
2wp7OUgPvFipU9fHGjNEcr,4knGE25OEOeaJocSkSliuz,0.212467
5UYOvPQypiNSK23KqOq2JI,0z1iZISYRfJPhE0VDRXVCJ,0.189814
5UYOvPQypiNSK23KqOq2JI,30Lcy59RiXJKMVVkwhfdle,0.213633
5UYOvPQypiNSK23KqOq2JI,2LkhllqfKQXg7j9FRsytfM,0.238218
2LkhllqfKQXg7j9FRsytfM,493Rk3iS7rs8uPfpnfm95u,0.199539
2LkhllqfKQXg7j9FRsytfM,4vworrZL7bZN3Jk4Yh1GJt,0.208438
6KnNDix4Owr4vNmsPhLmxD,1JdWRS3PBZlSgKcPKcULtr,0.126198
6KnNDix4Owr4vNmsPhLmxD,5WA3rl0o0RJwdhsB2T7p1k,0.14693
6KnNDix4Owr4vNmsPhLmxD,6Av4y1NzrI41HkoqxQgMk3,0.1621
6KnNDix4Owr4vNmsPhLmxD,06Q3gof2rs8ErXzBrW1aVg,0.185036
7ht7UcsH5dlcaFX5pMHycn,6KnNDix4Owr4vNmsPhLmxD,0.202684
3wjQZWJAeEmb7Z3CdsNajq,3wjQZWJAeEmb7Z3CdsNajq,0.0
3wjQZWJAeEmb7Z3CdsNajq,1xU4U0HkoKrDAkKxbTbda6,0.164505
3wjQZWJAeEmb7Z3CdsNajq,3M4yuiVRtLLiVAKWEWDDK0,0.189732
3wjQZWJAeEmb7Z3CdsNajq,1e2ShXB96jVtJfd3KemRXn,0.191706
3wjQZWJAeEmb7Z3CdsNajq,6oilrypHWm0iylwgX6ujQc,0.206611
3kRGiGpjCFS7CtEBSfHNH0,6Av4y1NzrI41HkoqxQgMk3,0.176513
3kRGiGpjCFS7CtEBSfHNH0,5WA3rl0o0RJwdhsB2T7p1k,0.202163
3kRGiGpjCFS7CtEBSfHNH0,46lyJh9GYmWsHez3EsvmAx,0.209106
3kRGiGpjCFS7CtEBSfHNH0,3cGyrppZWoGKI5IA8amT5e,0.217559
3kRGiGpjCFS7CtEBSfHNH0,08kSDRN3ZUB5V5ba2Rt5KB,0.218948
3u0GkwnjSEBqmTSvlgjFjJ,3r0gvoaAkWmLdJO4UUv94v,0.531736
3r0gvoaAkWmLdJO4UUv94v,1njhygLOG5xCfVwNPktfgW,0.580183
3r0gvoaAkWmLdJO4UUv94v,0wnZAXlg3CPUgAKFQblzff,0.589466
750vuAyjSZGt53r570s8ML,3r0gvoaAkWmLdJO4UUv94v,0.605921
4KvwPgAJMWNqx4lCll9Ldp,3r0gvoaAkWmLdJO4UUv94v,0.608129
45R6DmpsaoqLujIn6qPTPH,4oPwiOa5pPq8Raa6phjiEE,0.203321
45R6DmpsaoqLujIn6qPTPH,6rUp7v3l8yC4TKxAAR5Bmx,0.224003
45R6DmpsaoqLujIn6qPTPH,63IZIrLwNjZOJ4nZlNXuAH,0.227642
45R6DmpsaoqLujIn6qPTPH,6XimI1O15wpfwUdrCnlrxo,0.269549
45R6DmpsaoqLujIn6qPTPH,08kSDRN3ZUB5V5ba2Rt5KB,0.273343
5fjpSfY00NRuMw0vGx8HHm,3cGyrppZWoGKI5IA8amT5e,0.337293
5fjpSfY00NRuMw0vGx8HHm,4UZifG6wVTl3dFIeHKLi8y,0.365112
3Hg1OJWwiNeKWX7suTNJ1Y,5fjpSfY00NRuMw0vGx8HHm,0.379791
74pMd2gI5hbtJs4RnSp3ye,5fjpSfY00NRuMw0vGx8HHm,0.380165
5fjpSfY00NRuMw0vGx8HHm,2CyC1KQ5aliVQPIxz1ak3B,0.3929
3ZxYktDahEzqvcRPiRje2l,7AlLcDIuTrBif79HvTRz0S,0.282928
3ZxYktDahEzqvcRPiRje2l,0oiXbwcUnGIqtT0efGQ6PM,0.322085
4Vb4JXSztWD2GXNqKs1GJs,3ZxYktDahEzqvcRPiRje2l,0.332556
3ZxYktDahEzqvcRPiRje2l,4PPJY2E8YwiDSaiug98qIp,0.37699
4SeZpWSgq1c8a0MY3iVy1f,22DrqPUQfcOkv6QmjvHFcB,0.154536
4SeZpWSgq1c8a0MY3iVy1f,2pGdlCBrS2uulNsI9fdrHs,0.176029
4SeZpWSgq1c8a0MY3iVy1f,2Huc0pVL2qSVn9YD9ylRcz,0.202661
1Wdj4wRDYS7aT4CoPS0mAH,4SeZpWSgq1c8a0MY3iVy1f,0.230236
4SeZpWSgq1c8a0MY3iVy1f,6rurduYegrf5XSZrphuyF2,0.280922
36MZOdQU8d3UFzdiYWgozI,5xhs3I7Rnbli2emfWl2O5L,0.230988
36MZOdQU8d3UFzdiYWgozI,3ysUkfcrFwvXweDt0cliH8,0.232334
4vworrZL7bZN3Jk4Yh1GJt,5lTqpWZJbOUhusVlGtTLWn,0.262131
5JCQF2iHu8EZ9voUThQ0Kz,4vworrZL7bZN3Jk4Yh1GJt,0.271822
4vworrZL7bZN3Jk4Yh1GJt,1Jwc3ODLQxtbnS8M9TflSP,0.274461
2pGdlCBrS2uulNsI9fdrHs,22DrqPUQfcOkv6QmjvHFcB,0.144939
2pGdlCBrS2uulNsI9fdrHs,6rurduYegrf5XSZrphuyF2,0.189736
2pGdlCBrS2uulNsI9fdrHs,2Huc0pVL2qSVn9YD9ylRcz,0.206632
6YIooRA9rdKuU85wUMU3Mu,6KTG1O45PqNxpXhPwXX9BD,0.269035
1yexB9BhPJFMiFHzdNhVqt,6YIooRA9rdKuU85wUMU3Mu,0.316184
6YIooRA9rdKuU85wUMU3Mu,0NVOTV0nqsndWzBmMwRFOS,0.31954
6YIooRA9rdKuU85wUMU3Mu,6ST2sndt6ieETDBzOSR063,0.326382
6qO260PuQGnxCQ4SRrSi6M,0PlD5j3EX8hZjNfH52YSpF,0.184888
6qO260PuQGnxCQ4SRrSi6M,7f5igh8vt1dZtXz6NlnUYz,0.263815
6qO260PuQGnxCQ4SRrSi6M,0t5JyYh5CxnUI3v0msZzYM,0.269434
7dtxV1gbo3kWHiBhFywD7v,6qO260PuQGnxCQ4SRrSi6M,0.330301
65vdMBskhx3akkG9vQlSH1,6cZGk7b1led3OdACob9rbS,0.216719
1Wdj4wRDYS7aT4CoPS0mAH,65vdMBskhx3akkG9vQlSH1,0.311924
65vdMBskhx3akkG9vQlSH1,3OYHw99STxBfqoBEov2M5F,0.315523
65vdMBskhx3akkG9vQlSH1,3uW4BXrHwSjDRZW6YKSWzL,0.351598
3PvhJcV5xv7E1ImIfbRYeM,56T8rWR6szMJ22n5bv8DXo,0.288294
4LvYquU4UExvNblt5UDwS6,3PvhJcV5xv7E1ImIfbRYeM,0.316504
3PvhJcV5xv7E1ImIfbRYeM,309lWVv2Cj83O0MDqthRSM,0.374489
3PvhJcV5xv7E1ImIfbRYeM,493Rk3iS7rs8uPfpnfm95u,0.411117
3PvhJcV5xv7E1ImIfbRYeM,2l2zYplvdjpRDEAmoHKX0t,0.444981
7iOm7tuQZeqXqzBZJ14CSM,44DFFra1iTFvIGpzVlRHFx,0.219755
7iOm7tuQZeqXqzBZJ14CSM,4pb5brx1YoihzV0iY1tgBq,0.268375
7k7DnptxRrSXcTdEPd1R4F,1z38CbWAVCe8mJ9r4uWTAa,0.309526
7k7DnptxRrSXcTdEPd1R4F,1tX0Z3tA7vsal85V1sw3QM,0.315262
7k7DnptxRrSXcTdEPd1R4F,6LA7WgwRca4bYg7Ip50dqN,0.343112
7k7DnptxRrSXcTdEPd1R4F,0fzmhN3dop77DGQmcsi5MJ,0.356998
6KjkgYu4mjsMVYy4aCzyw6,5GpK2be6lGPawut1iSqOKN,0.245375
6KjkgYu4mjsMVYy4aCzyw6,1msphInQ8bBBQGFZkll7FX,0.265598
7GDwYUuvu1qjah9rAH15AH,6KjkgYu4mjsMVYy4aCzyw6,0.311042
4SrXpaZtMokUhhFkgzDMpK,6KjkgYu4mjsMVYy4aCzyw6,0.31735
7dlCAK8HdnI6UGHqZkfvJT,2hv3PVAj6KKDOVNhyRfjeG,0.155748
7dlCAK8HdnI6UGHqZkfvJT,0B2Rij48hhqlJFFUpr6bPv,0.187197
2Huc0pVL2qSVn9YD9ylRcz,22DrqPUQfcOkv6QmjvHFcB,0.153502
1Wdj4wRDYS7aT4CoPS0mAH,2Huc0pVL2qSVn9YD9ylRcz,0.243238
3pDhN3qB33AOPhQEkUCaWt,06RouQ8MtzC4OUWXnVugei,0.106043
3pDhN3qB33AOPhQEkUCaWt,3qwZmJ3EhItnOJKgu3Ti06,0.129291
3pDhN3qB33AOPhQEkUCaWt,5xhs3I7Rnbli2emfWl2O5L,0.211937
0uBdQzKghx88d2Lp8SLFKJ,3pDhN3qB33AOPhQEkUCaWt,0.221543
3pDhN3qB33AOPhQEkUCaWt,2wrthwkXNBuyKWd3chV33u,0.226423
0B2Rij48hhqlJFFUpr6bPv,7FNClArpU0MQIIkAU5VSwh,0.18817
0B2Rij48hhqlJFFUpr6bPv,2hv3PVAj6KKDOVNhyRfjeG,0.2198
0qUDIt2DaX3CNf9xWR9xIH,4iBsDuZKwpqQFsLqL3lj31,0.477985
7a44KQsZopbdTRnn53X5qF,0qUDIt2DaX3CNf9xWR9xIH,0.567035
2jzxWQlR0pZ2IUvk95nsfX,0qUDIt2DaX3CNf9xWR9xIH,0.5779
1gOmVDqb4YmcCNbPA32V3n,0qUDIt2DaX3CNf9xWR9xIH,0.590464
2wrthwkXNBuyKWd3chV33u,5xhs3I7Rnbli2emfWl2O5L,0.140855
2wrthwkXNBuyKWd3chV33u,5tiZBnx5IvETA0Pj3gELjn,0.143324
2wrthwkXNBuyKWd3chV33u,3mRM4NM8iO7UBqrSigCQFH,0.145255
2wrthwkXNBuyKWd3chV33u,35lxFAny9XDBkvE6r9j4uG,0.201313
1z38CbWAVCe8mJ9r4uWTAa,4n7jnSxVLd8QioibtTDBDq,0.276048
1z38CbWAVCe8mJ9r4uWTAa,0fzmhN3dop77DGQmcsi5MJ,0.301428
1z38CbWAVCe8mJ9r4uWTAa,6LA7WgwRca4bYg7Ip50dqN,0.307233
1z38CbWAVCe8mJ9r4uWTAa,1tX0Z3tA7vsal85V1sw3QM,0.310852
2eh0oh1lxi9ZMaor7ILEtY,3DrQsIe4cyX3bNCJY6bq11,0.35973
2eh0oh1lxi9ZMaor7ILEtY,5ARrtxJLVCeTv5TWo1oKgC,0.422857
2eh0oh1lxi9ZMaor7ILEtY,39lOHITmszIVH9WF4Jpbum,0.437657
2eh0oh1lxi9ZMaor7ILEtY,0UkpfwUKYe6uzYxhH3KnIB,0.448285
1njhygLOG5xCfVwNPktfgW,2gmVKYuax3xbfdpivy0xpd,0.397951
1njhygLOG5xCfVwNPktfgW,1mBsA7LPkVA9SuHEJdcE53,0.398422
1njhygLOG5xCfVwNPktfgW,7fZCViZ831HCOpI0DrtaEi,0.40918
1njhygLOG5xCfVwNPktfgW,6DQtdUrKRUuJDNCvItFWZK,0.428578
1GqAFWj0HSbX055zDc94Wj,4Cf7INHovrVKQOQNOStdH8,0.27614
1GqAFWj0HSbX055zDc94Wj,4Xn89qH8uKOumgvAGSvY3U,0.279466
1GqAFWj0HSbX055zDc94Wj,2Pu5TsQ90hDVUZmuNDnzJc,0.36212
3RYoQuF5Wfw425VwQEiMBo,5J89CMy1fDUEf73fi6KL9R,0.347128
3RYoQuF5Wfw425VwQEiMBo,1xU4U0HkoKrDAkKxbTbda6,0.35309
3RYoQuF5Wfw425VwQEiMBo,0F78T5bfHQCliaNjBkIYBq,0.379634
7x56g3SKfKeE4XRg9MsTyi,3RYoQuF5Wfw425VwQEiMBo,0.417706
7kEwwmnAkgoll8koLkwZeC,3RYoQuF5Wfw425VwQEiMBo,0.429343
5bqAeJlItYJRpfPJLUhYwE,0Ki1LxOG8z8ywTCcUT3ugq,0.152774
5bqAeJlItYJRpfPJLUhYwE,2dwhMQsFeHr2S787WxqAqW,0.157237
5bqAeJlItYJRpfPJLUhYwE,2ZICF8SFI5tHttaLJKMY1X,0.205528
5bqAeJlItYJRpfPJLUhYwE,0z1iZISYRfJPhE0VDRXVCJ,0.217249
2l2zYplvdjpRDEAmoHKX0t,7og8AbGlEOEA3bQY6cjLCh,0.20767
2l2zYplvdjpRDEAmoHKX0t,2rZ113Rwo5iwIA2orRpDKI,0.331544
2l2zYplvdjpRDEAmoHKX0t,7ajVYJt15NuE3NmzxSHOyS,0.342448
2l2zYplvdjpRDEAmoHKX0t,4UZifG6wVTl3dFIeHKLi8y,0.403278
3mRM4NM8iO7UBqrSigCQFH,5xhs3I7Rnbli2emfWl2O5L,0.149132
3mRM4NM8iO7UBqrSigCQFH,35lxFAny9XDBkvE6r9j4uG,0.180365
3mRM4NM8iO7UBqrSigCQFH,1Jwc3ODLQxtbnS8M9TflSP,0.202149
5WA3rl0o0RJwdhsB2T7p1k,1JdWRS3PBZlSgKcPKcULtr,0.097909
5WA3rl0o0RJwdhsB2T7p1k,6Av4y1NzrI41HkoqxQgMk3,0.194622
4YN9siPoiy8fc8pAOdy6xS,7ed2Ed5z0vMM4bqnZpWKK6,0.194525
4YN9siPoiy8fc8pAOdy6xS,56U1WCUL6mbxoSSYgbBame,0.250371
4YN9siPoiy8fc8pAOdy6xS,5pV61B6b5kcy1ysaPL8iON,0.252216
4YN9siPoiy8fc8pAOdy6xS,3RZnAryVznQwgFCGeqjeAH,0.252545
1715OLhgEevHoE6bvfARzg,5Ce9z7GqSknXccyppRxNLY,0.249511
3WBRfkOozHEsG0hbrBzwlm,1715OLhgEevHoE6bvfARzg,0.253727
0XUbq6STWcxFC6qrU09tE1,1715OLhgEevHoE6bvfARzg,0.258772
1715OLhgEevHoE6bvfARzg,6gijbGNDNNJgT60Aj7UCyc,0.272223
0S4Zf256BJU9wCHeBNsGmj,1715OLhgEevHoE6bvfARzg,0.277995
3ysUkfcrFwvXweDt0cliH8,3WlPw1UubxqvzMhO739BU8,0.21589
3pDhN3qB33AOPhQEkUCaWt,3ysUkfcrFwvXweDt0cliH8,0.237956
3WlPw1UubxqvzMhO739BU8,1eEWigdKC7UyhnfUBax4Ii,0.197357
3WlPw1UubxqvzMhO739BU8,51qhR6wqpb6Gm2PSOwBPCF,0.200915
6OSVqTKdYoj5jrbCCNPxRR,5Q943XYZo0Xvq4qUQebmWC,0.294085
45R6DmpsaoqLujIn6qPTPH,5Q943XYZo0Xvq4qUQebmWC,0.305861
5Q943XYZo0Xvq4qUQebmWC,4oPwiOa5pPq8Raa6phjiEE,0.32007
5Q943XYZo0Xvq4qUQebmWC,6XimI1O15wpfwUdrCnlrxo,0.326465
7sJDqzrY07xysc49QNsiPA,7AoQay4gO0sdMUi641ghSH,0.336044
7sJDqzrY07xysc49QNsiPA,5vu8n8MB3P2hoY19SYMn9o,0.354977
7sJDqzrY07xysc49QNsiPA,41pfw6bbeD1KXXbU44wsws,0.415582
7sJDqzrY07xysc49QNsiPA,7o9yuI0dvhbNVkiUaG1z7T,0.479035
1gOmVDqb4YmcCNbPA32V3n,7sJDqzrY07xysc49QNsiPA,0.490242
018SQDupRTRsl1Wolu1X0c,0jTxQIG0cMaKAu8uLzR4Nq,0.281569
018SQDupRTRsl1Wolu1X0c,4X3QczFrwEtHYf1MOYyhaG,0.52284
018SQDupRTRsl1Wolu1X0c,04vpVveiJZ0bqkwCBBpEth,0.579501
3u0GkwnjSEBqmTSvlgjFjJ,018SQDupRTRsl1Wolu1X0c,0.582516
5aw0QGRRtJmi7nVvKyRaHJ,018SQDupRTRsl1Wolu1X0c,0.598104
3MsEj3a4VkrgveoFE8JAXO,5mcxpGvbTqusAuJNYGiO4O,0.240635
2qPNdVlqZl1cYqsNc3MXnA,3MsEj3a4VkrgveoFE8JAXO,0.257493
3MsEj3a4VkrgveoFE8JAXO,65jxTo343ORwsnyEQSoFzt,0.286778
3MsEj3a4VkrgveoFE8JAXO,2j0xMbhqTwks1L3PeOhywh,0.311645
2wp7OUgPvFipU9fHGjNEcr,3MsEj3a4VkrgveoFE8JAXO,0.317351
6MaRBjJJtf3IiWHRVws5qc,6qdkcDUc80NP6zj4VUD4qR,0.262632
6MaRBjJJtf3IiWHRVws5qc,3joSo5cx7WLe18uEEdu3Oj,0.363648
241A1yhKNIr1lPgWY8jU48,6MaRBjJJtf3IiWHRVws5qc,0.367039
6MaRBjJJtf3IiWHRVws5qc,06KyNuuMOX1ROXRhj787tj,0.420361
6MaRBjJJtf3IiWHRVws5qc,5YkKpbHgr62AmlkLh2pwDc,0.425281
6PCIdh9L4B6jEtjGyfopf6,493QaNbrvbEiQdPH9hDP6z,0.314108
6PCIdh9L4B6jEtjGyfopf6,0pnulKmG8ETBuzY2NUoxRO,0.345765
6PCIdh9L4B6jEtjGyfopf6,5KJaEu2ZMIt9FMvofqUgmg,0.388409
6PCIdh9L4B6jEtjGyfopf6,39I5xXLPaiTqNPBaKo0Rnw,0.397724
2WaA5bVXcIqqpz9j0gd7qK,7o9yuI0dvhbNVkiUaG1z7T,0.305719
2WaA5bVXcIqqpz9j0gd7qK,2eZYhuwMD2SwQcxsxmY8TN,0.35406
6Zpj4XvoH4xNp2wCa6X96y,2WaA5bVXcIqqpz9j0gd7qK,0.355888
2WaA5bVXcIqqpz9j0gd7qK,2DhcpitZoR2mDalUWFUbBG,0.361713
2rZ113Rwo5iwIA2orRpDKI,6njmP9TqyeVi3DUioVULY2,0.348922
2rZ113Rwo5iwIA2orRpDKI,7og8AbGlEOEA3bQY6cjLCh,0.446734
3PvhJcV5xv7E1ImIfbRYeM,2rZ113Rwo5iwIA2orRpDKI,0.449928
1dxbiVeiV7nQ2V9qXnhJiB,2rZ113Rwo5iwIA2orRpDKI,0.460404
1E5Zumas0loctbiUN2whpi,5KJaEu2ZMIt9FMvofqUgmg,0.349788
1gcESexgftSuLuML57Y69q,1E5Zumas0loctbiUN2whpi,0.370937
1E5Zumas0loctbiUN2whpi,04GunTYlMUoEnc5pwzQANm,0.37572
1E5Zumas0loctbiUN2whpi,3njFQqu9rj8B06TSCDAahy,0.397273
65vdMBskhx3akkG9vQlSH1,1E5Zumas0loctbiUN2whpi,0.408449
7GDwYUuvu1qjah9rAH15AH,7Ar4G7Ci11gpt6sfH9Cgz5,0.289418
7Ar4G7Ci11gpt6sfH9Cgz5,4s7Me2OrjR7tIeeiWmZnK5,0.299295
7Ar4G7Ci11gpt6sfH9Cgz5,4FL8i7miD18FuMN08XGKcM,0.301681
4pyQ5n3teYo2C89zE3NBrM,7Ar4G7Ci11gpt6sfH9Cgz5,0.304836
0z1iZISYRfJPhE0VDRXVCJ,2k7lStJS8TJvMNxbdClLMD,0.178434
0z1iZISYRfJPhE0VDRXVCJ,0Ki1LxOG8z8ywTCcUT3ugq,0.184887
0z1iZISYRfJPhE0VDRXVCJ,0NwYzWs6UOFTQYKTYPQWyg,0.203469
40riOy7x9W7GXjyGp4pjAv,74fmOZkSwZfQlir02KmDwH,0.187671
40riOy7x9W7GXjyGp4pjAv,47MtUiBYZmxs9bdqN62KuQ,0.217921
40riOy7x9W7GXjyGp4pjAv,5GpK2be6lGPawut1iSqOKN,0.28579
40riOy7x9W7GXjyGp4pjAv,5N5v1tfDEPbvK214jUEGgO,0.323182
40riOy7x9W7GXjyGp4pjAv,0vdZk0uHh0PaEQpY5PHG6n,0.332429
33P76PS6skAOeQzYK77xss,7KoWRwwVUgZV5D0zmrr25s,0.225505
6KnNDix4Owr4vNmsPhLmxD,33P76PS6skAOeQzYK77xss,0.2336
33P76PS6skAOeQzYK77xss,1kqx2Z9AXjbUCbPkUVbIRM,0.270113
33P76PS6skAOeQzYK77xss,6Av4y1NzrI41HkoqxQgMk3,0.2952
74pMd2gI5hbtJs4RnSp3ye,33P76PS6skAOeQzYK77xss,0.30885
5KJaEu2ZMIt9FMvofqUgmg,0pnulKmG8ETBuzY2NUoxRO,0.305138
5KJaEu2ZMIt9FMvofqUgmg,5GpK2be6lGPawut1iSqOKN,0.384175
5KJaEu2ZMIt9FMvofqUgmg,1msphInQ8bBBQGFZkll7FX,0.385704
7o2CTH4ctstm8TNelqjb51,2k7lStJS8TJvMNxbdClLMD,0.20662
7o2CTH4ctstm8TNelqjb51,5N5v1tfDEPbvK214jUEGgO,0.214558
5fdr0qZcygx9NFbIhFDcaH,7o2CTH4ctstm8TNelqjb51,0.240553
4KS0611AX8W2o3rAxJwEvJ,7f5igh8vt1dZtXz6NlnUYz,0.300169
7f5igh8vt1dZtXz6NlnUYz,06UlQEupfklesVD0OB2N87,0.320244
7f5igh8vt1dZtXz6NlnUYz,0t5JyYh5CxnUI3v0msZzYM,0.321117
7f5igh8vt1dZtXz6NlnUYz,0PlD5j3EX8hZjNfH52YSpF,0.363416
2CyC1KQ5aliVQPIxz1ak3B,6XimI1O15wpfwUdrCnlrxo,0.264612
6tAWgyIwWB6f1ozhA0tadW,2CyC1KQ5aliVQPIxz1ak3B,0.31719
2CyC1KQ5aliVQPIxz1ak3B,6rUp7v3l8yC4TKxAAR5Bmx,0.326297
74pMd2gI5hbtJs4RnSp3ye,2CyC1KQ5aliVQPIxz1ak3B,0.32833
5JEx7HbmvHQQswJCsoo9rA,1tX0Z3tA7vsal85V1sw3QM,0.296659
1tX0Z3tA7vsal85V1sw3QM,4n7jnSxVLd8QioibtTDBDq,0.326599
1tX0Z3tA7vsal85V1sw3QM,0Ki1LxOG8z8ywTCcUT3ugq,0.334317
6ts6Ie41SzPSKWkHrv3t2F,6Av4y1NzrI41HkoqxQgMk3,0.197492
7dlCAK8HdnI6UGHqZkfvJT,7FNClArpU0MQIIkAU5VSwh,0.212101
7FNClArpU0MQIIkAU5VSwh,2hv3PVAj6KKDOVNhyRfjeG,0.251465
1JdWRS3PBZlSgKcPKcULtr,06Q3gof2rs8ErXzBrW1aVg,0.216092
6Av4y1NzrI41HkoqxQgMk3,1JdWRS3PBZlSgKcPKcULtr,0.224015
7ht7UcsH5dlcaFX5pMHycn,1JdWRS3PBZlSgKcPKcULtr,0.224991
23LQimhaFmor64X8zlbNwL,3DiRdaZtPrVdb4U2RIuRWm,0.214869
0eNfURq0r0oNSwFyw1VuVT,23LQimhaFmor64X8zlbNwL,0.24552
4IAzk848l23vRjil53e0nK,23LQimhaFmor64X8zlbNwL,0.282018
23LQimhaFmor64X8zlbNwL,10F7heFOB5AW5YNQdJPKnq,0.292012
0lNdaHuRYi0YVNPWW0F7X2,23LQimhaFmor64X8zlbNwL,0.31749
2AqyijFrqiMBs5P7fe5A9w,775OxWq9wfVzmVDS0n3zff,0.490755
775OxWq9wfVzmVDS0n3zff,0t5JyYh5CxnUI3v0msZzYM,0.520267
775OxWq9wfVzmVDS0n3zff,4wpiCbMBTecn6LZBy0053F,0.523212
0NwYzWs6UOFTQYKTYPQWyg,1UnlBvfKYZ22zCx0gbSsgX,0.10394
0NwYzWs6UOFTQYKTYPQWyg,5N5v1tfDEPbvK214jUEGgO,0.165038
0NwYzWs6UOFTQYKTYPQWyg,4rXPkKTkE0oYd9OltdFG9K,0.169248
0NwYzWs6UOFTQYKTYPQWyg,2k7lStJS8TJvMNxbdClLMD,0.176877
0NwYzWs6UOFTQYKTYPQWyg,0fzmhN3dop77DGQmcsi5MJ,0.187165
3qwZmJ3EhItnOJKgu3Ti06,06RouQ8MtzC4OUWXnVugei,0.132539
3qwZmJ3EhItnOJKgu3Ti06,35lxFAny9XDBkvE6r9j4uG,0.205398
3mRM4NM8iO7UBqrSigCQFH,3qwZmJ3EhItnOJKgu3Ti06,0.210655
3qwZmJ3EhItnOJKgu3Ti06,5xhs3I7Rnbli2emfWl2O5L,0.212786
4wpiCbMBTecn6LZBy0053F,1ptN31lBfOZKJPsQMm1Whb,0.273228
4wpiCbMBTecn6LZBy0053F,40FDafNFtz0jDyzCn3MaMs,0.285817
4wpiCbMBTecn6LZBy0053F,5EVVBILF2NeX8qpQyxbvYl,0.316988
2Pu5TsQ90hDVUZmuNDnzJc,4Xn89qH8uKOumgvAGSvY3U,0.210502
2Pu5TsQ90hDVUZmuNDnzJc,4Qkl4TpmZCwIINFPI6fS23,0.275539
2Pu5TsQ90hDVUZmuNDnzJc,2OTGmFUoJDx8scC8PO87V0,0.350816
2Pu5TsQ90hDVUZmuNDnzJc,15p6y25P4twiG2oOpWfEK0,0.358081
3eMYc6FK9XvyauIaxcJtRS,5vu8n8MB3P2hoY19SYMn9o,0.402699
3eMYc6FK9XvyauIaxcJtRS,41pfw6bbeD1KXXbU44wsws,0.475196
3eMYc6FK9XvyauIaxcJtRS,6etAsc19pzAmugWALZjpDo,0.476026
1njhygLOG5xCfVwNPktfgW,3eMYc6FK9XvyauIaxcJtRS,0.479159
6mJsNQ421nQ3nBZKO1pICU,6gQJAUHKEVpnSGtfcwZ5Pe,0.243114
7iOm7tuQZeqXqzBZJ14CSM,6mJsNQ421nQ3nBZKO1pICU,0.290665
6mJsNQ421nQ3nBZKO1pICU,1pW5BQT2ltq0NPSlbkev0v,0.292397
5ugEAELzfwf3k07D3e1WNN,3ohxPqZyB74W6ZWFHJdTWk,0.214199
7kEwwmnAkgoll8koLkwZeC,5ugEAELzfwf3k07D3e1WNN,0.331401
5ugEAELzfwf3k07D3e1WNN,6KTG1O45PqNxpXhPwXX9BD,0.373569
5ugEAELzfwf3k07D3e1WNN,4ClHOBQG9QNcqzfzFmXj39,0.381043
5ugEAELzfwf3k07D3e1WNN,14jEv2xc6r43y0Nm2ymswN,0.398208
6C03gklNCQFyrZzm9NMzzn,1e2ShXB96jVtJfd3KemRXn,0.242322
6C03gklNCQFyrZzm9NMzzn,5OiONTndVC5YOMXg6VC5xs,0.251401
3wjQZWJAeEmb7Z3CdsNajq,6C03gklNCQFyrZzm9NMzzn,0.252484
6C03gklNCQFyrZzm9NMzzn,3wjQZWJAeEmb7Z3CdsNajq,0.252484
1ldgvhH6LICt9ZPIkMVhlP,2biGEMYnKkiqJXkS8Koiaw,0.59577
1ldgvhH6LICt9ZPIkMVhlP,1icX5CUJRfU8tkQunhkTyV,0.634539
1ldgvhH6LICt9ZPIkMVhlP,1ptN31lBfOZKJPsQMm1Whb,0.692356
1ldgvhH6LICt9ZPIkMVhlP,0UkpfwUKYe6uzYxhH3KnIB,0.700572
27HnK724hIqv0Td5jT33T0,0zACuA5TckBs58Vc8iwFYx,0.415794
27HnK724hIqv0Td5jT33T0,6gijbGNDNNJgT60Aj7UCyc,0.430289
27HnK724hIqv0Td5jT33T0,5bSSkaqVo0qsOmtYOcPpp3,0.432408
27HnK724hIqv0Td5jT33T0,0wnZAXlg3CPUgAKFQblzff,0.447934
4OkD8oWu6iojf76kkk9LiU,493Rk3iS7rs8uPfpnfm95u,0.250185
4YN9siPoiy8fc8pAOdy6xS,4OkD8oWu6iojf76kkk9LiU,0.260949
4OkD8oWu6iojf76kkk9LiU,5pV61B6b5kcy1ysaPL8iON,0.275344
0PbqwOxRshUkoGOKFcO6z2,2OaVtgFRFY3xfHjEJxqHhI,0.225592
35lxFAny9XDBkvE6r9j4uG,30Lcy59RiXJKMVVkwhfdle,0.151164
3H2cHIeqH79jmFsdiPKRv7,2hGPfCRMjK2haWM6ja11XP,0.213474
7g96GMqMFfkrzEvDwSIWzQ,2hGPfCRMjK2haWM6ja11XP,0.227878
4Qv71lFPCObf7zol1uWCJb,2hGPfCRMjK2haWM6ja11XP,0.238529
737yse38y2hsWQeNRrLaMY,2hGPfCRMjK2haWM6ja11XP,0.239342
6DQtdUrKRUuJDNCvItFWZK,1kqx2Z9AXjbUCbPkUVbIRM,0.245429
6DQtdUrKRUuJDNCvItFWZK,1mBsA7LPkVA9SuHEJdcE53,0.328153
7JZYv0kbkfPdTdpCU9P7KD,6rUp7v3l8yC4TKxAAR5Bmx,0.184388
7JZYv0kbkfPdTdpCU9P7KD,44DFFra1iTFvIGpzVlRHFx,0.220876
7JZYv0kbkfPdTdpCU9P7KD,63IZIrLwNjZOJ4nZlNXuAH,0.248039
65jxTo343ORwsnyEQSoFzt,5pV61B6b5kcy1ysaPL8iON,0.25066
2qPNdVlqZl1cYqsNc3MXnA,65jxTo343ORwsnyEQSoFzt,0.252504
65jxTo343ORwsnyEQSoFzt,6O1VWYPfl85dDeKiaCJKza,0.261448
65jxTo343ORwsnyEQSoFzt,4FL8i7miD18FuMN08XGKcM,0.261667
7GDwYUuvu1qjah9rAH15AH,65jxTo343ORwsnyEQSoFzt,0.263673
3uW4BXrHwSjDRZW6YKSWzL,3njFQqu9rj8B06TSCDAahy,0.316786
3uW4BXrHwSjDRZW6YKSWzL,6cZGk7b1led3OdACob9rbS,0.316828
6uA1qGKf0r5uYIg1aMhn7c,3uW4BXrHwSjDRZW6YKSWzL,0.348973
3uW4BXrHwSjDRZW6YKSWzL,04GunTYlMUoEnc5pwzQANm,0.349788
5IuwQPQrFTVrubzx1x1jyQ,6tCUeo48hBua0006TgIlOk,0.284275
5IuwQPQrFTVrubzx1x1jyQ,4Zd6HJ49dtEiP5sFcf698m,0.401352
5IuwQPQrFTVrubzx1x1jyQ,2biGEMYnKkiqJXkS8Koiaw,0.440925
5IuwQPQrFTVrubzx1x1jyQ,2eZYhuwMD2SwQcxsxmY8TN,0.564951
5IuwQPQrFTVrubzx1x1jyQ,3DrQsIe4cyX3bNCJY6bq11,0.571217
3FVy3aVs0TFzLv6FEiLqC2,06UlQEupfklesVD0OB2N87,0.208594
3FVy3aVs0TFzLv6FEiLqC2,0yu7YRpQDcSJhX9DEc1eya,0.361518
4KS0611AX8W2o3rAxJwEvJ,3FVy3aVs0TFzLv6FEiLqC2,0.434006
7f5igh8vt1dZtXz6NlnUYz,3FVy3aVs0TFzLv6FEiLqC2,0.45622
3b0cJPguhWOh2hjY6Lu192,30Lcy59RiXJKMVVkwhfdle,0.223712
35lxFAny9XDBkvE6r9j4uG,3b0cJPguhWOh2hjY6Lu192,0.226809
5JSwpFI18XqMckY8HKDail,3b0cJPguhWOh2hjY6Lu192,0.256678
0uBdQzKghx88d2Lp8SLFKJ,3b0cJPguhWOh2hjY6Lu192,0.269093
3iuJytXIDXGbpZbDWxfgHl,3b0cJPguhWOh2hjY6Lu192,0.279604
1ptN31lBfOZKJPsQMm1Whb,40FDafNFtz0jDyzCn3MaMs,0.248028
1ptN31lBfOZKJPsQMm1Whb,4kD3hULynIfyLp6rIYxSAi,0.331899
6O1VWYPfl85dDeKiaCJKza,5w65rfJaQDOQ0iAhOuQqiv,0.239799
6O1VWYPfl85dDeKiaCJKza,5pV61B6b5kcy1ysaPL8iON,0.25382
1KvyBpAxgllKW7bQb0GYCR,47MtUiBYZmxs9bdqN62KuQ,0.258472
1KvyBpAxgllKW7bQb0GYCR,56U1WCUL6mbxoSSYgbBame,0.268214
4vworrZL7bZN3Jk4Yh1GJt,1KvyBpAxgllKW7bQb0GYCR,0.275849
4f8mIikzaT5Aw3tV5ftwvL,4Kh6cq3XgOGUK9yXQu7RTq,0.231037
4f8mIikzaT5Aw3tV5ftwvL,6LA7WgwRca4bYg7Ip50dqN,0.262315
4f8mIikzaT5Aw3tV5ftwvL,0kavVZx38UlVVTxw5HUIJL,0.297755
4f8mIikzaT5Aw3tV5ftwvL,5W8HXMOMLtXLz0RGKUtnlZ,0.344741
3RqU6RJ9TiTN0AAGiaq7hR,30vwZnErkvSYrhEvfAfJnp,0.134401
3RqU6RJ9TiTN0AAGiaq7hR,5pV61B6b5kcy1ysaPL8iON,0.167038
3RqU6RJ9TiTN0AAGiaq7hR,5w65rfJaQDOQ0iAhOuQqiv,0.204268
3RqU6RJ9TiTN0AAGiaq7hR,0hBN7k2AAmbc0mM4cUAmQH,0.211634
2JnVkJsUnBs7kyvVzD8E6L,3joSo5cx7WLe18uEEdu3Oj,0.454378
6MaRBjJJtf3IiWHRVws5qc,2JnVkJsUnBs7kyvVzD8E6L,0.469313
2JnVkJsUnBs7kyvVzD8E6L,2wZ99JXUqr6uoEcWbEZVbf,0.469563
2JnVkJsUnBs7kyvVzD8E6L,6qdkcDUc80NP6zj4VUD4qR,0.522561
2JnVkJsUnBs7kyvVzD8E6L,67mtN6BlsJR0LVyzvNZnGt,0.558684
3vzdaUwY9ouQ2jyJw5ITff,56YLNejnyHdf3yiJg8fDUp,0.340569
1ZdhOMWyFR8Iv9eylMGYg2,3vzdaUwY9ouQ2jyJw5ITff,0.342484
5tg61WGZrVzolByJ44C9PJ,3vzdaUwY9ouQ2jyJw5ITff,0.413326
3vzdaUwY9ouQ2jyJw5ITff,3EN8rqw3foBKi6Ki89hztW,0.436262
0mfpgk7oDsLabYsuaUK3hi,3vzdaUwY9ouQ2jyJw5ITff,0.440783
5SiRYaW7H4xwnbkKBxq56l,4pSj48vhbXwYvf2zbD1WJa,0.308609
5SiRYaW7H4xwnbkKBxq56l,2eZYhuwMD2SwQcxsxmY8TN,0.35038
5SiRYaW7H4xwnbkKBxq56l,2DhcpitZoR2mDalUWFUbBG,0.425421
5SiRYaW7H4xwnbkKBxq56l,7o9yuI0dvhbNVkiUaG1z7T,0.449606
47T1jNQizR8E8e8SpvXNog,5SiRYaW7H4xwnbkKBxq56l,0.490097
3M4yuiVRtLLiVAKWEWDDK0,3wjQZWJAeEmb7Z3CdsNajq,0.189732
3M4yuiVRtLLiVAKWEWDDK0,5OiONTndVC5YOMXg6VC5xs,0.274041
3M4yuiVRtLLiVAKWEWDDK0,0F78T5bfHQCliaNjBkIYBq,0.286763
30vwZnErkvSYrhEvfAfJnp,5YkKpbHgr62AmlkLh2pwDc,0.21231
30vwZnErkvSYrhEvfAfJnp,5pV61B6b5kcy1ysaPL8iON,0.215648
1eOW35r7fBIrpzRMBbnGXQ,4s7Me2OrjR7tIeeiWmZnK5,0.27059
1eOW35r7fBIrpzRMBbnGXQ,4PPJY2E8YwiDSaiug98qIp,0.273523
7DroPZbnPTJZSZtax3swP8,1eOW35r7fBIrpzRMBbnGXQ,0.273713
3RZnAryVznQwgFCGeqjeAH,5FQEeo3o0tPNxrsQPcmwlX,0.124454
3RZnAryVznQwgFCGeqjeAH,5fwSHlTEWpluwOM0Sxnh5k,0.151145
3DiRdaZtPrVdb4U2RIuRWm,2ZICF8SFI5tHttaLJKMY1X,0.185151
5YkKpbHgr62AmlkLh2pwDc,1eEWigdKC7UyhnfUBax4Ii,0.211835
4sO7A5yF6SfqiHeINS61DE,2DhcpitZoR2mDalUWFUbBG,0.22927
4sO7A5yF6SfqiHeINS61DE,43Vyj3R8vMlFNVB2gqrsAM,0.277528
4sO7A5yF6SfqiHeINS61DE,0vdZk0uHh0PaEQpY5PHG6n,0.294816
7AlLcDIuTrBif79HvTRz0S,4PPJY2E8YwiDSaiug98qIp,0.31321
4BuKcv3m61D3feQaJVW4oF,7qqX9USUjXHTBVeC0kLeJy,0.381931
1KvyBpAxgllKW7bQb0GYCR,4BuKcv3m61D3feQaJVW4oF,0.404944
4BuKcv3m61D3feQaJVW4oF,56U1WCUL6mbxoSSYgbBame,0.405739
5ylZg67RolznfPfjT2uE1W,4BuKcv3m61D3feQaJVW4oF,0.446664
6lfesPvu16ExPnecELeMwt,4BuKcv3m61D3feQaJVW4oF,0.455988
5mEqD00bdFcsiVd0MfvEeF,54nsNmxvp1ZxWcbKTcJynp,0.325331
5mEqD00bdFcsiVd0MfvEeF,0eQCJ9h7DcOyKiy0Uu3UL1,0.339847
5mEqD00bdFcsiVd0MfvEeF,1uekuY2LCOUwsHhh8oPTrB,0.403156
5cUH0jGZStImc41LbHSjhA,5mEqD00bdFcsiVd0MfvEeF,0.420851
5mEqD00bdFcsiVd0MfvEeF,6gijbGNDNNJgT60Aj7UCyc,0.442939
3oZ1DkKe2ZcvPh5Ffv6L0c,1udKn1oNKYQSQ9OmiIWCMu,0.283276
1udKn1oNKYQSQ9OmiIWCMu,47MtUiBYZmxs9bdqN62KuQ,0.284322
4pyQ5n3teYo2C89zE3NBrM,1udKn1oNKYQSQ9OmiIWCMu,0.289177
5IgElbSREzVyqgf1OCuKJd,7xx2Ku5iifWgkc0w2By4TR,0.168003
5IgElbSREzVyqgf1OCuKJd,614GWtz7F9A61E9OPZqNkU,0.182459
5IgElbSREzVyqgf1OCuKJd,49Gfk8HqWfFce5YDMfhzFX,0.233316
5tiZBnx5IvETA0Pj3gELjn,2j0xMbhqTwks1L3PeOhywh,0.157417
5tiZBnx5IvETA0Pj3gELjn,5xhs3I7Rnbli2emfWl2O5L,0.173504
4rXPkKTkE0oYd9OltdFG9K,2k7lStJS8TJvMNxbdClLMD,0.151646
4rXPkKTkE0oYd9OltdFG9K,0fzmhN3dop77DGQmcsi5MJ,0.164362
4rXPkKTkE0oYd9OltdFG9K,2HbYLDA1SigY1ilC94ieVu,0.18532
6LA7WgwRca4bYg7Ip50dqN,74fmOZkSwZfQlir02KmDwH,0.197475
6LA7WgwRca4bYg7Ip50dqN,0fzmhN3dop77DGQmcsi5MJ,0.25909
06UlQEupfklesVD0OB2N87,0yu7YRpQDcSJhX9DEc1eya,0.288051
4X3QczFrwEtHYf1MOYyhaG,04vpVveiJZ0bqkwCBBpEth,0.299184
4X3QczFrwEtHYf1MOYyhaG,40FDafNFtz0jDyzCn3MaMs,0.440787
1ptN31lBfOZKJPsQMm1Whb,4X3QczFrwEtHYf1MOYyhaG,0.46756
4wpiCbMBTecn6LZBy0053F,4X3QczFrwEtHYf1MOYyhaG,0.497944
4X3QczFrwEtHYf1MOYyhaG,1icX5CUJRfU8tkQunhkTyV,0.51571
6lOWoTqVnAWXchddtTH31W,44DFFra1iTFvIGpzVlRHFx,0.245763
7JZYv0kbkfPdTdpCU9P7KD,6lOWoTqVnAWXchddtTH31W,0.256298
3DI3NhuSKftr5PkMQWOf3n,6lOWoTqVnAWXchddtTH31W,0.279037
0PbqwOxRshUkoGOKFcO6z2,6lOWoTqVnAWXchddtTH31W,0.294397
3pVVFQ4D1yRBpztapn2hHG,6lOWoTqVnAWXchddtTH31W,0.305217
7fxk6qjkQHs66OZcDsEe8K,5u3vBJzLvgJRQXqUFzr2cW,0.224459
7FNClArpU0MQIIkAU5VSwh,5u3vBJzLvgJRQXqUFzr2cW,0.296421
5u3vBJzLvgJRQXqUFzr2cW,0jjANtMHBQSIfsrZ1YnnyB,0.302742
0B2Rij48hhqlJFFUpr6bPv,5u3vBJzLvgJRQXqUFzr2cW,0.309078
5u3vBJzLvgJRQXqUFzr2cW,5fwSHlTEWpluwOM0Sxnh5k,0.318095
6etAsc19pzAmugWALZjpDo,5vu8n8MB3P2hoY19SYMn9o,0.278295
6etAsc19pzAmugWALZjpDo,5tE6O5aR5b7krAkQnPrkYC,0.3071
6etAsc19pzAmugWALZjpDo,6MoTeX5dtuPZ3hwaecuBkz,0.37557
4PPJY2E8YwiDSaiug98qIp,0w91MsXVQvuTdKf9BKg6f6,0.221774
35ES4VMxOzu4TtYulIL52v,4pb5brx1YoihzV0iY1tgBq,0.317207
7JZYv0kbkfPdTdpCU9P7KD,4pb5brx1YoihzV0iY1tgBq,0.335083
5ylZg67RolznfPfjT2uE1W,4pb5brx1YoihzV0iY1tgBq,0.337345
5H6Jp0syB5yEPk7SWYdlmk,4pb5brx1YoihzV0iY1tgBq,0.340226
6h3lMAmmpQDFqoHk9F99IR,62aZgpepQgr9C5n2EY0qgG,0.206391
62aZgpepQgr9C5n2EY0qgG,1Jwc3ODLQxtbnS8M9TflSP,0.239319
62aZgpepQgr9C5n2EY0qgG,2j0xMbhqTwks1L3PeOhywh,0.245832
2w2WGSwcfSoZMpA9NKI2lj,56U1WCUL6mbxoSSYgbBame,0.277225
1Gz2E1chOzRyhFXHJYWw8y,2w2WGSwcfSoZMpA9NKI2lj,0.283452
4YN9siPoiy8fc8pAOdy6xS,2w2WGSwcfSoZMpA9NKI2lj,0.364582
1KvyBpAxgllKW7bQb0GYCR,2w2WGSwcfSoZMpA9NKI2lj,0.395201
4oPwiOa5pPq8Raa6phjiEE,63IZIrLwNjZOJ4nZlNXuAH,0.162436
4oPwiOa5pPq8Raa6phjiEE,6rUp7v3l8yC4TKxAAR5Bmx,0.181835
023H4I7HJnxRqsc9cqeFKV,4oPwiOa5pPq8Raa6phjiEE,0.209759
4oPwiOa5pPq8Raa6phjiEE,0hBN7k2AAmbc0mM4cUAmQH,0.215782
0PlD5j3EX8hZjNfH52YSpF,0t5JyYh5CxnUI3v0msZzYM,0.30443
7dtxV1gbo3kWHiBhFywD7v,0PlD5j3EX8hZjNfH52YSpF,0.346204
1ptN31lBfOZKJPsQMm1Whb,1icX5CUJRfU8tkQunhkTyV,0.420318
4wpiCbMBTecn6LZBy0053F,1icX5CUJRfU8tkQunhkTyV,0.455587
2AqyijFrqiMBs5P7fe5A9w,1icX5CUJRfU8tkQunhkTyV,0.464424
1icX5CUJRfU8tkQunhkTyV,40FDafNFtz0jDyzCn3MaMs,0.474224
1icX5CUJRfU8tkQunhkTyV,0UkpfwUKYe6uzYxhH3KnIB,0.479886
5aw0QGRRtJmi7nVvKyRaHJ,0jTxQIG0cMaKAu8uLzR4Nq,0.52661
3eMYc6FK9XvyauIaxcJtRS,0jTxQIG0cMaKAu8uLzR4Nq,0.546011
4X3QczFrwEtHYf1MOYyhaG,0jTxQIG0cMaKAu8uLzR4Nq,0.557352
2biGEMYnKkiqJXkS8Koiaw,3MRoy5cF7RzT1Siw13nOmD,0.449822
2eh0oh1lxi9ZMaor7ILEtY,2biGEMYnKkiqJXkS8Koiaw,0.468118
2biGEMYnKkiqJXkS8Koiaw,6tCUeo48hBua0006TgIlOk,0.491776
2j3XrxnGKhPJVvSGDpoRFJ,7aoBSmPHwNXYtMVxR9FVOd,0.288353
2j3XrxnGKhPJVvSGDpoRFJ,41pfw6bbeD1KXXbU44wsws,0.316001
2j3XrxnGKhPJVvSGDpoRFJ,7AoQay4gO0sdMUi641ghSH,0.319756
2j3XrxnGKhPJVvSGDpoRFJ,2gmVKYuax3xbfdpivy0xpd,0.321133
3PnoKVFFTJm6A0hipw05Xc,3OYHw99STxBfqoBEov2M5F,0.282809
3PnoKVFFTJm6A0hipw05Xc,6ppefZt5uQ62aHAfSa1Jx9,0.314249
3PnoKVFFTJm6A0hipw05Xc,2uzlv8PjqsVvF1DhEahyhy,0.361792
5MnLof1o5Wu4hX5zWgMjZY,3PnoKVFFTJm6A0hipw05Xc,0.370196
0tCdKWakn9sA3forNMxzdV,3PnoKVFFTJm6A0hipw05Xc,0.384274
15p6y25P4twiG2oOpWfEK0,77stxHgDOzi9Ue9912tMRf,0.40354
65P0LJJh9vEa5yR6S2xIZR,15p6y25P4twiG2oOpWfEK0,0.424841
15p6y25P4twiG2oOpWfEK0,39I5xXLPaiTqNPBaKo0Rnw,0.455513
6uA1qGKf0r5uYIg1aMhn7c,15p6y25P4twiG2oOpWfEK0,0.46581
51qhR6wqpb6Gm2PSOwBPCF,3oGOqfkRiPUBQsVKw3n20M,0.205273
51qhR6wqpb6Gm2PSOwBPCF,4RFZf8MdqN4oHGFXsFkYDj,0.257461
4kD3hULynIfyLp6rIYxSAi,40FDafNFtz0jDyzCn3MaMs,0.225447
2ZDTK8AijLvCPttN360zk0,4kD3hULynIfyLp6rIYxSAi,0.300332
4wpiCbMBTecn6LZBy0053F,4kD3hULynIfyLp6rIYxSAi,0.352652
2DhcpitZoR2mDalUWFUbBG,43Vyj3R8vMlFNVB2gqrsAM,0.275738
2DhcpitZoR2mDalUWFUbBG,2eZYhuwMD2SwQcxsxmY8TN,0.301993
6D33wCKzWtNEgOovgeVJ7r,49Gfk8HqWfFce5YDMfhzFX,0.235844
7iXPSlDdL0EQwPFtUR8ye1,6D33wCKzWtNEgOovgeVJ7r,0.246803
4MDP7HRognLy05tr1MlKek,6D33wCKzWtNEgOovgeVJ7r,0.253529
6D33wCKzWtNEgOovgeVJ7r,06KyNuuMOX1ROXRhj787tj,0.258736
0JQP1bwayX3SEgT9ggc31K,3D4J0o9w44QKFrBrYrSVJY,0.229612
0JQP1bwayX3SEgT9ggc31K,5vSqKl0SxirLoaO3802hs7,0.30129
7rwgTaHmd0vgpxcshUNCxD,0JQP1bwayX3SEgT9ggc31K,0.30835
750vuAyjSZGt53r570s8ML,0JQP1bwayX3SEgT9ggc31K,0.321553
46lFttIf5hnUZMGvjK0Wxo,08kSDRN3ZUB5V5ba2Rt5KB,0.129469
46lFttIf5hnUZMGvjK0Wxo,31aVGAyU43vQYxYyCmfaQI,0.141118
46lFttIf5hnUZMGvjK0Wxo,5hfA2BeYLbBukMAPXJNzdI,0.167205
46lFttIf5hnUZMGvjK0Wxo,0JWpbl3Ppr71ONy6VDP5vu,0.177996
614GWtz7F9A61E9OPZqNkU,7xx2Ku5iifWgkc0w2By4TR,0.279733
0bHKo2P7aepaUOhzJtlxbv,614GWtz7F9A61E9OPZqNkU,0.29278
614GWtz7F9A61E9OPZqNkU,06KyNuuMOX1ROXRhj787tj,0.303819
0S4Zf256BJU9wCHeBNsGmj,1uekuY2LCOUwsHhh8oPTrB,0.229594
1uekuY2LCOUwsHhh8oPTrB,31aVGAyU43vQYxYyCmfaQI,0.233961
1uekuY2LCOUwsHhh8oPTrB,2GTMvEjoCKe52M5936CFLO,0.236875
1uekuY2LCOUwsHhh8oPTrB,0JWpbl3Ppr71ONy6VDP5vu,0.241776
41pfw6bbeD1KXXbU44wsws,5vu8n8MB3P2hoY19SYMn9o,0.286903
41pfw6bbeD1KXXbU44wsws,7AoQay4gO0sdMUi641ghSH,0.31753
41pfw6bbeD1KXXbU44wsws,11MSEhq5iXRC4mFgezdaLs,0.35638
4vworrZL7bZN3Jk4Yh1GJt,7s5r0wxGA8YAG9LswkHreu,0.410408
2LkhllqfKQXg7j9FRsytfM,7s5r0wxGA8YAG9LswkHreu,0.435869
1Gz2E1chOzRyhFXHJYWw8y,7s5r0wxGA8YAG9LswkHreu,0.452937
11jMqNuaE2vTsBBjESguoL,7s5r0wxGA8YAG9LswkHreu,0.462575
2eZYhuwMD2SwQcxsxmY8TN,7o9yuI0dvhbNVkiUaG1z7T,0.323805
4n7jnSxVLd8QioibtTDBDq,2D52zjCyqEIQa221lhw6uk,0.178442
0XUbq6STWcxFC6qrU09tE1,4n7jnSxVLd8QioibtTDBDq,0.240388
3WBRfkOozHEsG0hbrBzwlm,4n7jnSxVLd8QioibtTDBDq,0.245274
4n7jnSxVLd8QioibtTDBDq,0zACuA5TckBs58Vc8iwFYx,0.255967
4n7jnSxVLd8QioibtTDBDq,6gijbGNDNNJgT60Aj7UCyc,0.262049
1kqx2Z9AXjbUCbPkUVbIRM,7KoWRwwVUgZV5D0zmrr25s,0.278742
5ovqe99T1FShehFNSs9qgy,6pW1AQhs75Cc5WTgoRQ8vi,0.331322
5ovqe99T1FShehFNSs9qgy,2wZ99JXUqr6uoEcWbEZVbf,0.423825
5ovqe99T1FShehFNSs9qgy,293xyTq2gy7G5PFaMeBbmd,0.441168
5ovqe99T1FShehFNSs9qgy,3joSo5cx7WLe18uEEdu3Oj,0.454969
493QaNbrvbEiQdPH9hDP6z,06KyNuuMOX1ROXRhj787tj,0.267424
493QaNbrvbEiQdPH9hDP6z,04GunTYlMUoEnc5pwzQANm,0.276387
493QaNbrvbEiQdPH9hDP6z,39I5xXLPaiTqNPBaKo0Rnw,0.293775
493QaNbrvbEiQdPH9hDP6z,6rurduYegrf5XSZrphuyF2,0.316406
5Nybr2NCZrKAOk7Eu2YitB,3HCDGtLZabH3umLgwCBpDB,0.24192
737yse38y2hsWQeNRrLaMY,5Nybr2NCZrKAOk7Eu2YitB,0.245135
30vwZnErkvSYrhEvfAfJnp,5Nybr2NCZrKAOk7Eu2YitB,0.249925
5Nybr2NCZrKAOk7Eu2YitB,4knGE25OEOeaJocSkSliuz,0.258572
1UnlBvfKYZ22zCx0gbSsgX,31aVGAyU43vQYxYyCmfaQI,0.161422
1UnlBvfKYZ22zCx0gbSsgX,2k7lStJS8TJvMNxbdClLMD,0.199096
1UnlBvfKYZ22zCx0gbSsgX,5N5v1tfDEPbvK214jUEGgO,0.205506
1UnlBvfKYZ22zCx0gbSsgX,0JWpbl3Ppr71ONy6VDP5vu,0.206616
0yu7YRpQDcSJhX9DEc1eya,0XFtG09bUs8yuCZIdoXrkG,0.237248
0yu7YRpQDcSJhX9DEc1eya,0t5JyYh5CxnUI3v0msZzYM,0.275809
0zACuA5TckBs58Vc8iwFYx,6gijbGNDNNJgT60Aj7UCyc,0.238358
0zACuA5TckBs58Vc8iwFYx,2D52zjCyqEIQa221lhw6uk,0.242149
0zACuA5TckBs58Vc8iwFYx,0fzmhN3dop77DGQmcsi5MJ,0.254758
4RFZf8MdqN4oHGFXsFkYDj,4knGE25OEOeaJocSkSliuz,0.146618
4RFZf8MdqN4oHGFXsFkYDj,3lUTTvpsqOJGm28TZYgIGn,0.159883
4RFZf8MdqN4oHGFXsFkYDj,06RouQ8MtzC4OUWXnVugei,0.168908
4RFZf8MdqN4oHGFXsFkYDj,3XN6gsqRw1EzezEdgQmKO7,0.212448
1mBsA7LPkVA9SuHEJdcE53,2EqlS6tkEnglzr7tkKAAYD,0.396358
1mBsA7LPkVA9SuHEJdcE53,51s7WZriwg2D51gbCrbNVz,0.398448
7ed2Ed5z0vMM4bqnZpWKK6,0hBN7k2AAmbc0mM4cUAmQH,0.172071
7ed2Ed5z0vMM4bqnZpWKK6,2j0xMbhqTwks1L3PeOhywh,0.184128
3RZnAryVznQwgFCGeqjeAH,7ed2Ed5z0vMM4bqnZpWKK6,0.18736
3RZnAryVznQwgFCGeqjeAH,1gV0hgMNdpSWeW7ZjSUKnX,0.223575
1gV0hgMNdpSWeW7ZjSUKnX,5FQEeo3o0tPNxrsQPcmwlX,0.255142
5029vpQu4KlJp0Kqobuc01,1gV0hgMNdpSWeW7ZjSUKnX,0.26211
1gV0hgMNdpSWeW7ZjSUKnX,5w65rfJaQDOQ0iAhOuQqiv,0.276207
71KtwiEpzcn9WxwlaS7ZJY,35msHwn81uKQS5Jn783oSU,0.354495
7jR0ezj19qPMx5Ts9ge9I6,35msHwn81uKQS5Jn783oSU,0.36804
35msHwn81uKQS5Jn783oSU,2D52zjCyqEIQa221lhw6uk,0.391876
4AF28ndq103b56Tjivd9Tb,35msHwn81uKQS5Jn783oSU,0.411372
2gV3PVl3vcZglRGmOfyH1w,2gmVKYuax3xbfdpivy0xpd,0.242174
2gV3PVl3vcZglRGmOfyH1w,0nKhpvNOgd6Ix37bSlJXNe,0.322396
2gV3PVl3vcZglRGmOfyH1w,5aIjMoNIRhwNychOb2lC7k,0.323034
6rurduYegrf5XSZrphuyF2,39lOHITmszIVH9WF4Jpbum,0.148666
6rurduYegrf5XSZrphuyF2,22DrqPUQfcOkv6QmjvHFcB,0.230702
6rurduYegrf5XSZrphuyF2,06KyNuuMOX1ROXRhj787tj,0.26147
6Nm4X6HWL4TNSMGClw52Xf,5hkZyWkafKoQW4eGwaJWFF,0.410094
5hkZyWkafKoQW4eGwaJWFF,5vSqKl0SxirLoaO3802hs7,0.432265
5IgElbSREzVyqgf1OCuKJd,5hkZyWkafKoQW4eGwaJWFF,0.453021
2DP1HBd70hKwgNxQwMaG8z,5hkZyWkafKoQW4eGwaJWFF,0.458593
5hkZyWkafKoQW4eGwaJWFF,7xx2Ku5iifWgkc0w2By4TR,0.487301
4pSj48vhbXwYvf2zbD1WJa,7o9yuI0dvhbNVkiUaG1z7T,0.404725
2WaA5bVXcIqqpz9j0gd7qK,4pSj48vhbXwYvf2zbD1WJa,0.407754
2eZYhuwMD2SwQcxsxmY8TN,4pSj48vhbXwYvf2zbD1WJa,0.431668
2DhcpitZoR2mDalUWFUbBG,4pSj48vhbXwYvf2zbD1WJa,0.533192
2qPNdVlqZl1cYqsNc3MXnA,5mcxpGvbTqusAuJNYGiO4O,0.286508
1ErVAnzjNvyXSodWbOTYNu,5mcxpGvbTqusAuJNYGiO4O,0.292227
36MZOdQU8d3UFzdiYWgozI,5mcxpGvbTqusAuJNYGiO4O,0.314616
3Hg1OJWwiNeKWX7suTNJ1Y,3EN8rqw3foBKi6Ki89hztW,0.298239
3DI3NhuSKftr5PkMQWOf3n,3EN8rqw3foBKi6Ki89hztW,0.316249
5WA3rl0o0RJwdhsB2T7p1k,3EN8rqw3foBKi6Ki89hztW,0.325547
3EN8rqw3foBKi6Ki89hztW,4JWbH50WabthGhmtduR8b9,0.326658
1JdWRS3PBZlSgKcPKcULtr,3EN8rqw3foBKi6Ki89hztW,0.351267
4SeZpWSgq1c8a0MY3iVy1f,1rLBRiCpwMRafxSwkGkbe5,0.323105
1rLBRiCpwMRafxSwkGkbe5,6oilrypHWm0iylwgX6ujQc,0.344167
1rLBRiCpwMRafxSwkGkbe5,5ARrtxJLVCeTv5TWo1oKgC,0.34977
1s7eYefT5IDEWrmzAspJBe,56T8rWR6szMJ22n5bv8DXo,0.233386
1vN2rZ4WoUe6QQJjc2NBjN,1s7eYefT5IDEWrmzAspJBe,0.352462
62aZgpepQgr9C5n2EY0qgG,1s7eYefT5IDEWrmzAspJBe,0.352462
4YN9siPoiy8fc8pAOdy6xS,1s7eYefT5IDEWrmzAspJBe,0.355082
5pqH6aEfTKoFCr7IE6urm3,1s7eYefT5IDEWrmzAspJBe,0.359599
5IgElbSREzVyqgf1OCuKJd,06KyNuuMOX1ROXRhj787tj,0.24583
4MDP7HRognLy05tr1MlKek,06KyNuuMOX1ROXRhj787tj,0.258639
31aVGAyU43vQYxYyCmfaQI,0JWpbl3Ppr71ONy6VDP5vu,0.133633
31aVGAyU43vQYxYyCmfaQI,08kSDRN3ZUB5V5ba2Rt5KB,0.156196
31aVGAyU43vQYxYyCmfaQI,5hfA2BeYLbBukMAPXJNzdI,0.158984
0eQCJ9h7DcOyKiy0Uu3UL1,54nsNmxvp1ZxWcbKTcJynp,0.356564
5cUH0jGZStImc41LbHSjhA,0eQCJ9h7DcOyKiy0Uu3UL1,0.585048
0eQCJ9h7DcOyKiy0Uu3UL1,6gijbGNDNNJgT60Aj7UCyc,0.608139
2DGoiBUZSbprAcvGw5l1W7,0eQCJ9h7DcOyKiy0Uu3UL1,0.612047
6HnC8UJ9WqKUwx3dcha5Md,0nKhpvNOgd6Ix37bSlJXNe,0.303777
0nKhpvNOgd6Ix37bSlJXNe,7aoBSmPHwNXYtMVxR9FVOd,0.321304
2Huc0pVL2qSVn9YD9ylRcz,5OiONTndVC5YOMXg6VC5xs,0.268536
3wjQZWJAeEmb7Z3CdsNajq,5OiONTndVC5YOMXg6VC5xs,0.274035
5OiONTndVC5YOMXg6VC5xs,3wjQZWJAeEmb7Z3CdsNajq,0.274035
4IAzk848l23vRjil53e0nK,10F7heFOB5AW5YNQdJPKnq,0.348326
10F7heFOB5AW5YNQdJPKnq,2dwhMQsFeHr2S787WxqAqW,0.371113
11jMqNuaE2vTsBBjESguoL,10F7heFOB5AW5YNQdJPKnq,0.383616
3DiRdaZtPrVdb4U2RIuRWm,10F7heFOB5AW5YNQdJPKnq,0.392299
5fwSHlTEWpluwOM0Sxnh5k,5FQEeo3o0tPNxrsQPcmwlX,0.130341
5fwSHlTEWpluwOM0Sxnh5k,3XN6gsqRw1EzezEdgQmKO7,0.151729
5fwSHlTEWpluwOM0Sxnh5k,0jjANtMHBQSIfsrZ1YnnyB,0.158771
49Gfk8HqWfFce5YDMfhzFX,4eTUG3TF3lQuar1lLkN0cG,0.207146
49Gfk8HqWfFce5YDMfhzFX,7xx2Ku5iifWgkc0w2By4TR,0.212703
56YLNejnyHdf3yiJg8fDUp,5AyL2kgLtTWEu3qO3B9SqK,0.366903
31Hu0lcugWlMvAJh93OkNj,56YLNejnyHdf3yiJg8fDUp,0.382056
0jcnKiHDwgcgBUokWDckX9,56YLNejnyHdf3yiJg8fDUp,0.389242
3MsEj3a4VkrgveoFE8JAXO,56YLNejnyHdf3yiJg8fDUp,0.396208
0jjANtMHBQSIfsrZ1YnnyB,5FQEeo3o0tPNxrsQPcmwlX,0.16623
0jjANtMHBQSIfsrZ1YnnyB,3XN6gsqRw1EzezEdgQmKO7,0.176662
3RZnAryVznQwgFCGeqjeAH,0jjANtMHBQSIfsrZ1YnnyB,0.186942
4PPJY2E8YwiDSaiug98qIp,6ST2sndt6ieETDBzOSR063,0.298715
6ST2sndt6ieETDBzOSR063,0w91MsXVQvuTdKf9BKg6f6,0.299051
3ohxPqZyB74W6ZWFHJdTWk,14jEv2xc6r43y0Nm2ymswN,0.258254
7kEwwmnAkgoll8koLkwZeC,3ohxPqZyB74W6ZWFHJdTWk,0.330459
3ohxPqZyB74W6ZWFHJdTWk,6KTG1O45PqNxpXhPwXX9BD,0.331845
3ohxPqZyB74W6ZWFHJdTWk,4ClHOBQG9QNcqzfzFmXj39,0.38849
1pW5BQT2ltq0NPSlbkev0v,6gQJAUHKEVpnSGtfcwZ5Pe,0.245292
2IQB5iBapo0Y37Yc0PtIZc,1pW5BQT2ltq0NPSlbkev0v,0.27125
1pW5BQT2ltq0NPSlbkev0v,6aNiR1YsERzcABil2gYQ1b,0.289962
1pW5BQT2ltq0NPSlbkev0v,5pV61B6b5kcy1ysaPL8iON,0.291859
2HbYLDA1SigY1ilC94ieVu,5K1m4aaPCxwnm9SKlWW1vh,0.148553
0JWpbl3Ppr71ONy6VDP5vu,2GTMvEjoCKe52M5936CFLO,0.124787
0JWpbl3Ppr71ONy6VDP5vu,08kSDRN3ZUB5V5ba2Rt5KB,0.154284
0JWpbl3Ppr71ONy6VDP5vu,06Q3gof2rs8ErXzBrW1aVg,0.17537
5DZwfsbwZXnKuUPAvrzipC,30Lcy59RiXJKMVVkwhfdle,0.214565
35lxFAny9XDBkvE6r9j4uG,5DZwfsbwZXnKuUPAvrzipC,0.222414
0uBdQzKghx88d2Lp8SLFKJ,5DZwfsbwZXnKuUPAvrzipC,0.223986
3qwZmJ3EhItnOJKgu3Ti06,5DZwfsbwZXnKuUPAvrzipC,0.224842
5cUH0jGZStImc41LbHSjhA,54nsNmxvp1ZxWcbKTcJynp,0.308552
54nsNmxvp1ZxWcbKTcJynp,6gijbGNDNNJgT60Aj7UCyc,0.423091
60NNjFuigXAbCPftSfM1NW,54nsNmxvp1ZxWcbKTcJynp,0.434085
67mtN6BlsJR0LVyzvNZnGt,1BPBwKueIEMnUcbbs2te7B,0.322348
0tCdKWakn9sA3forNMxzdV,67mtN6BlsJR0LVyzvNZnGt,0.343466
3oZ1DkKe2ZcvPh5Ffv6L0c,67mtN6BlsJR0LVyzvNZnGt,0.417088
0jcnKiHDwgcgBUokWDckX9,67mtN6BlsJR0LVyzvNZnGt,0.426879
3MsEj3a4VkrgveoFE8JAXO,67mtN6BlsJR0LVyzvNZnGt,0.451664
46lyJh9GYmWsHez3EsvmAx,08kSDRN3ZUB5V5ba2Rt5KB,0.125293
46lyJh9GYmWsHez3EsvmAx,3HCDGtLZabH3umLgwCBpDB,0.168595
7ht7UcsH5dlcaFX5pMHycn,46lyJh9GYmWsHez3EsvmAx,0.178948
0JWpbl3Ppr71ONy6VDP5vu,46lyJh9GYmWsHez3EsvmAx,0.196654
31aVGAyU43vQYxYyCmfaQI,46lyJh9GYmWsHez3EsvmAx,0.198051
1msphInQ8bBBQGFZkll7FX,5GpK2be6lGPawut1iSqOKN,0.293022
1msphInQ8bBBQGFZkll7FX,09AbeKK96E8eA2m8IITFHP,0.379152
1msphInQ8bBBQGFZkll7FX,4Kh6cq3XgOGUK9yXQu7RTq,0.385429
5lTqpWZJbOUhusVlGtTLWn,4FL8i7miD18FuMN08XGKcM,0.198631
1vN2rZ4WoUe6QQJjc2NBjN,5lTqpWZJbOUhusVlGtTLWn,0.263584
62aZgpepQgr9C5n2EY0qgG,5lTqpWZJbOUhusVlGtTLWn,0.263584
0NVOTV0nqsndWzBmMwRFOS,4eTUG3TF3lQuar1lLkN0cG,0.247641
0NVOTV0nqsndWzBmMwRFOS,7lYdF3SC4SCJPg5kROvXWx,0.262682
0pS1COD3QAwZqVbHkqBBWZ,0NVOTV0nqsndWzBmMwRFOS,0.283715
0NVOTV0nqsndWzBmMwRFOS,6fchBDwnte5dnhwEV09qof,0.328978
3ddp87sShpWPenS7M4t9uj,0pnulKmG8ETBuzY2NUoxRO,0.295014
4kflXMtDdukfphfpvp1708,0pnulKmG8ETBuzY2NUoxRO,0.29793
65jxTo343ORwsnyEQSoFzt,0pnulKmG8ETBuzY2NUoxRO,0.327075
4FL8i7miD18FuMN08XGKcM,0vdZk0uHh0PaEQpY5PHG6n,0.194145
7og8AbGlEOEA3bQY6cjLCh,7ajVYJt15NuE3NmzxSHOyS,0.241218
7og8AbGlEOEA3bQY6cjLCh,4UZifG6wVTl3dFIeHKLi8y,0.352453
7og8AbGlEOEA3bQY6cjLCh,3cGyrppZWoGKI5IA8amT5e,0.424739
0w91MsXVQvuTdKf9BKg6f6,4Qkl4TpmZCwIINFPI6fS23,0.305579
79vEv8zqy9tLYsTxxkXHXq,0w91MsXVQvuTdKf9BKg6f6,0.358638
5ARrtxJLVCeTv5TWo1oKgC,6oilrypHWm0iylwgX6ujQc,0.237888
5ARrtxJLVCeTv5TWo1oKgC,1e2ShXB96jVtJfd3KemRXn,0.266035
2pGdlCBrS2uulNsI9fdrHs,5ARrtxJLVCeTv5TWo1oKgC,0.276847
5ARrtxJLVCeTv5TWo1oKgC,1xU4U0HkoKrDAkKxbTbda6,0.291163
6MoTeX5dtuPZ3hwaecuBkz,5tE6O5aR5b7krAkQnPrkYC,0.292137
6HnC8UJ9WqKUwx3dcha5Md,6MoTeX5dtuPZ3hwaecuBkz,0.476141
3wjQZWJAeEmb7Z3CdsNajq,1xU4U0HkoKrDAkKxbTbda6,0.164505
3wjQZWJAeEmb7Z3CdsNajq,1e2ShXB96jVtJfd3KemRXn,0.191706
3wjQZWJAeEmb7Z3CdsNajq,6oilrypHWm0iylwgX6ujQc,0.206611
06Q3gof2rs8ErXzBrW1aVg,2GTMvEjoCKe52M5936CFLO,0.136006
06Q3gof2rs8ErXzBrW1aVg,08kSDRN3ZUB5V5ba2Rt5KB,0.154517
06Q3gof2rs8ErXzBrW1aVg,5Ce9z7GqSknXccyppRxNLY,0.168384
7GDwYUuvu1qjah9rAH15AH,6ppefZt5uQ62aHAfSa1Jx9,0.250411
6ppefZt5uQ62aHAfSa1Jx9,5HrYsy4vBjmIRvSzzLSRDo,0.298793
3WlPw1UubxqvzMhO739BU8,6ppefZt5uQ62aHAfSa1Jx9,0.31032
0zACuA5TckBs58Vc8iwFYx,5bSSkaqVo0qsOmtYOcPpp3,0.396393
5bSSkaqVo0qsOmtYOcPpp3,5i0h6XtjL1LNRuFUl0STkC,0.408996
5bSSkaqVo0qsOmtYOcPpp3,2D52zjCyqEIQa221lhw6uk,0.427179
4n7jnSxVLd8QioibtTDBDq,5bSSkaqVo0qsOmtYOcPpp3,0.428078
5bSSkaqVo0qsOmtYOcPpp3,74fmOZkSwZfQlir02KmDwH,0.429065
4MDP7HRognLy05tr1MlKek,4eTUG3TF3lQuar1lLkN0cG,0.192102
5khYjyvP68aobZCSnobv6l,4eTUG3TF3lQuar1lLkN0cG,0.244586
06Q3gof2rs8ErXzBrW1aVg,6iMzy3mIG2zVdMR15A6HmJ,0.213353
7ht7UcsH5dlcaFX5pMHycn,6iMzy3mIG2zVdMR15A6HmJ,0.22138
1xniUfCvv0CGGHgbZD5C0q,6iMzy3mIG2zVdMR15A6HmJ,0.267495
6ts6Ie41SzPSKWkHrv3t2F,6iMzy3mIG2zVdMR15A6HmJ,0.270266
3joSo5cx7WLe18uEEdu3Oj,6qdkcDUc80NP6zj4VUD4qR,0.385742
2ZICF8SFI5tHttaLJKMY1X,2dwhMQsFeHr2S787WxqAqW,0.153394
4ClHOBQG9QNcqzfzFmXj39,0F78T5bfHQCliaNjBkIYBq,0.280503
0HDO6JFfplYPrSWuufUosZ,4ClHOBQG9QNcqzfzFmXj39,0.286451
7f5igh8vt1dZtXz6NlnUYz,4RADnYlgyRGpV7tWZJ5JiG,0.459982
2ZDTK8AijLvCPttN360zk0,4RADnYlgyRGpV7tWZJ5JiG,0.553393
0PlD5j3EX8hZjNfH52YSpF,4RADnYlgyRGpV7tWZJ5JiG,0.573591
4wpiCbMBTecn6LZBy0053F,4RADnYlgyRGpV7tWZJ5JiG,0.578455
7N02vK6QmHRiMVa6oy3HUA,4RADnYlgyRGpV7tWZJ5JiG,0.586936
1e2ShXB96jVtJfd3KemRXn,6oilrypHWm0iylwgX6ujQc,0.052989
1e2ShXB96jVtJfd3KemRXn,1xU4U0HkoKrDAkKxbTbda6,0.235827
35lxFAny9XDBkvE6r9j4uG,1Jwc3ODLQxtbnS8M9TflSP,0.201894
1Jwc3ODLQxtbnS8M9TflSP,30Lcy59RiXJKMVVkwhfdle,0.216878
1Jwc3ODLQxtbnS8M9TflSP,0T7UC9WLm1LeZX46T3atqP,0.222664
6h3lMAmmpQDFqoHk9F99IR,1Jwc3ODLQxtbnS8M9TflSP,0.228342
48b3btPS19LeSIgOsA8q2c,6zbMyzItlZIQbSwYbyk0MN,0.376369
48b3btPS19LeSIgOsA8q2c,2Ey6v4Sekh3Z0RUSISRosD,0.411114
48b3btPS19LeSIgOsA8q2c,5vSqKl0SxirLoaO3802hs7,0.411314
48b3btPS19LeSIgOsA8q2c,6gQJAUHKEVpnSGtfcwZ5Pe,0.426466
1ASgWE2xwIXQmniMfwvOL9,48b3btPS19LeSIgOsA8q2c,0.433275
4BuKcv3m61D3feQaJVW4oF,4G69MBJlMo7BxDgzj7s7nV,0.468936
4LvYquU4UExvNblt5UDwS6,4G69MBJlMo7BxDgzj7s7nV,0.507987
3PvhJcV5xv7E1ImIfbRYeM,4G69MBJlMo7BxDgzj7s7nV,0.522716
7s5r0wxGA8YAG9LswkHreu,4G69MBJlMo7BxDgzj7s7nV,0.528701
3joSo5cx7WLe18uEEdu3Oj,4G69MBJlMo7BxDgzj7s7nV,0.529462
4knGE25OEOeaJocSkSliuz,06RouQ8MtzC4OUWXnVugei,0.235217
4knGE25OEOeaJocSkSliuz,3lUTTvpsqOJGm28TZYgIGn,0.247193
35lxFAny9XDBkvE6r9j4uG,06RouQ8MtzC4OUWXnVugei,0.211284
0F78T5bfHQCliaNjBkIYBq,5xYpEeGFXmkGMBQ22NfKfO,0.232006
0F78T5bfHQCliaNjBkIYBq,1xU4U0HkoKrDAkKxbTbda6,0.232998
0F78T5bfHQCliaNjBkIYBq,5J89CMy1fDUEf73fi6KL9R,0.245473
5vnwBJxMnwGPPG2U3tToJc,2EqlS6tkEnglzr7tkKAAYD,0.385765
4kflXMtDdukfphfpvp1708,2EqlS6tkEnglzr7tkKAAYD,0.414451
3WBRfkOozHEsG0hbrBzwlm,2EqlS6tkEnglzr7tkKAAYD,0.420633
1dxbiVeiV7nQ2V9qXnhJiB,6njmP9TqyeVi3DUioVULY2,0.32404
5UYOvPQypiNSK23KqOq2JI,6njmP9TqyeVi3DUioVULY2,0.349711
6njmP9TqyeVi3DUioVULY2,0Ki1LxOG8z8ywTCcUT3ugq,0.365806
0T7UC9WLm1LeZX46T3atqP,30Lcy59RiXJKMVVkwhfdle,0.204369
0T7UC9WLm1LeZX46T3atqP,6XimI1O15wpfwUdrCnlrxo,0.263031
35lxFAny9XDBkvE6r9j4uG,0T7UC9WLm1LeZX46T3atqP,0.276282
3dAvoxoiRsAGa87VPMnbbl,493Rk3iS7rs8uPfpnfm95u,0.277553
46lyJh9GYmWsHez3EsvmAx,3dAvoxoiRsAGa87VPMnbbl,0.278532
5WA3rl0o0RJwdhsB2T7p1k,3dAvoxoiRsAGa87VPMnbbl,0.285389
3kRGiGpjCFS7CtEBSfHNH0,3dAvoxoiRsAGa87VPMnbbl,0.289439
2CD1dVhWq229x7FJJFnese,5tE6O5aR5b7krAkQnPrkYC,0.455711
6etAsc19pzAmugWALZjpDo,2CD1dVhWq229x7FJJFnese,0.547242
0vgIkHFK8wpogVc1XCi18F,2CD1dVhWq229x7FJJFnese,0.581091
6MoTeX5dtuPZ3hwaecuBkz,2CD1dVhWq229x7FJJFnese,0.632973
22aoAzWBmrDlbDLNjTTJ6F,5tE6O5aR5b7krAkQnPrkYC,0.40864
45VqWgUpU1XiMaCtKZBxkj,11MSEhq5iXRC4mFgezdaLs,0.171239
0nKhpvNOgd6Ix37bSlJXNe,45VqWgUpU1XiMaCtKZBxkj,0.42877
41pfw6bbeD1KXXbU44wsws,45VqWgUpU1XiMaCtKZBxkj,0.43667
6Zpj4XvoH4xNp2wCa6X96y,45VqWgUpU1XiMaCtKZBxkj,0.445891
01R8E80wecrjrq6iwrdZx3,1r4vEAZ09lGIm8eusrJDdq,0.404386
6njmP9TqyeVi3DUioVULY2,01R8E80wecrjrq6iwrdZx3,0.429591
6lfesPvu16ExPnecELeMwt,01R8E80wecrjrq6iwrdZx3,0.464227
01R8E80wecrjrq6iwrdZx3,2wZ99JXUqr6uoEcWbEZVbf,0.483567
2l2zYplvdjpRDEAmoHKX0t,01R8E80wecrjrq6iwrdZx3,0.499676
737yse38y2hsWQeNRrLaMY,5pV61B6b5kcy1ysaPL8iON,0.228455
7ed2Ed5z0vMM4bqnZpWKK6,5pV61B6b5kcy1ysaPL8iON,0.236521
1r4vEAZ09lGIm8eusrJDdq,2wZ99JXUqr6uoEcWbEZVbf,0.357408
5ovqe99T1FShehFNSs9qgy,1r4vEAZ09lGIm8eusrJDdq,0.491326
4txahEqLKtMJhVe6ezQH8k,1r4vEAZ09lGIm8eusrJDdq,0.502007
1r4vEAZ09lGIm8eusrJDdq,6pW1AQhs75Cc5WTgoRQ8vi,0.513804
614GWtz7F9A61E9OPZqNkU,7LGyAwowOr72wiBTsEL4tL,0.316187
06KyNuuMOX1ROXRhj787tj,7LGyAwowOr72wiBTsEL4tL,0.34226
241A1yhKNIr1lPgWY8jU48,7LGyAwowOr72wiBTsEL4tL,0.356463
0v0pc1lIt5p6EBX7pnfOGF,7LGyAwowOr72wiBTsEL4tL,0.356931
6zbMyzItlZIQbSwYbyk0MN,6fchBDwnte5dnhwEV09qof,0.286352
2PWTZV5znjLtZC5T1EVJvL,6zbMyzItlZIQbSwYbyk0MN,0.293959
1ASgWE2xwIXQmniMfwvOL9,6zbMyzItlZIQbSwYbyk0MN,0.317486
5khYjyvP68aobZCSnobv6l,6zbMyzItlZIQbSwYbyk0MN,0.32578
4MDP7HRognLy05tr1MlKek,6zbMyzItlZIQbSwYbyk0MN,0.329001
6uA1qGKf0r5uYIg1aMhn7c,77stxHgDOzi9Ue9912tMRf,0.35798
79vEv8zqy9tLYsTxxkXHXq,77stxHgDOzi9Ue9912tMRf,0.398162
77stxHgDOzi9Ue9912tMRf,2OTGmFUoJDx8scC8PO87V0,0.407115
77stxHgDOzi9Ue9912tMRf,2uzlv8PjqsVvF1DhEahyhy,0.420422
6rUp7v3l8yC4TKxAAR5Bmx,63IZIrLwNjZOJ4nZlNXuAH,0.13517
6rUp7v3l8yC4TKxAAR5Bmx,6XimI1O15wpfwUdrCnlrxo,0.171954
44DFFra1iTFvIGpzVlRHFx,5w65rfJaQDOQ0iAhOuQqiv,0.233181
6bfzJqCmmKyn7GQtgnfWd1,6yvAfQ4xM01Sq00DZ54sDl,0.199442
6bfzJqCmmKyn7GQtgnfWd1,5xYpEeGFXmkGMBQ22NfKfO,0.454412
6bfzJqCmmKyn7GQtgnfWd1,1xU4U0HkoKrDAkKxbTbda6,0.477233
3wjQZWJAeEmb7Z3CdsNajq,6bfzJqCmmKyn7GQtgnfWd1,0.486075
0lozAj904nKA5sb3C6aAPu,5HrYsy4vBjmIRvSzzLSRDo,0.330334
6uA1qGKf0r5uYIg1aMhn7c,5HrYsy4vBjmIRvSzzLSRDo,0.350354
0UkpfwUKYe6uzYxhH3KnIB,40FDafNFtz0jDyzCn3MaMs,0.377861
0UkpfwUKYe6uzYxhH3KnIB,3DrQsIe4cyX3bNCJY6bq11,0.383321
4kD3hULynIfyLp6rIYxSAi,0UkpfwUKYe6uzYxhH3KnIB,0.389073
1ptN31lBfOZKJPsQMm1Whb,0UkpfwUKYe6uzYxhH3KnIB,0.397226
5khYjyvP68aobZCSnobv6l,6KTG1O45PqNxpXhPwXX9BD,0.254841
6KTG1O45PqNxpXhPwXX9BD,14jEv2xc6r43y0Nm2ymswN,0.257574
2PWTZV5znjLtZC5T1EVJvL,6KTG1O45PqNxpXhPwXX9BD,0.300577
309lWVv2Cj83O0MDqthRSM,56T8rWR6szMJ22n5bv8DXo,0.307653
309lWVv2Cj83O0MDqthRSM,4JWbH50WabthGhmtduR8b9,0.326743
6tAWgyIwWB6f1ozhA0tadW,309lWVv2Cj83O0MDqthRSM,0.339583
3pVVFQ4D1yRBpztapn2hHG,309lWVv2Cj83O0MDqthRSM,0.35351
3HCDGtLZabH3umLgwCBpDB,5hfA2BeYLbBukMAPXJNzdI,0.145235
31aVGAyU43vQYxYyCmfaQI,3HCDGtLZabH3umLgwCBpDB,0.181108
3HCDGtLZabH3umLgwCBpDB,2k7lStJS8TJvMNxbdClLMD,0.181439
0HDO6JFfplYPrSWuufUosZ,7vUZEGiBy9oZ2LxRnIEbs8,0.320358
4aA3PDel1koEbggFsSOVKz,7vUZEGiBy9oZ2LxRnIEbs8,0.365255
7rwgTaHmd0vgpxcshUNCxD,7vUZEGiBy9oZ2LxRnIEbs8,0.366853
6D33wCKzWtNEgOovgeVJ7r,7vUZEGiBy9oZ2LxRnIEbs8,0.374576
0JQP1bwayX3SEgT9ggc31K,7vUZEGiBy9oZ2LxRnIEbs8,0.414732
65vdMBskhx3akkG9vQlSH1,1Fmv83uTiON5klaC94cJxb,0.428513
65P0LJJh9vEa5yR6S2xIZR,1Fmv83uTiON5klaC94cJxb,0.448097
77stxHgDOzi9Ue9912tMRf,1Fmv83uTiON5klaC94cJxb,0.473747
15p6y25P4twiG2oOpWfEK0,1Fmv83uTiON5klaC94cJxb,0.498544
1Fmv83uTiON5klaC94cJxb,5J89CMy1fDUEf73fi6KL9R,0.504188
14jEv2xc6r43y0Nm2ymswN,0wnZAXlg3CPUgAKFQblzff,0.236982
14jEv2xc6r43y0Nm2ymswN,6fchBDwnte5dnhwEV09qof,0.282193
0xtSFqbkJ8BS9oRmsJ1aPD,14jEv2xc6r43y0Nm2ymswN,0.340032
2gmVKYuax3xbfdpivy0xpd,7aoBSmPHwNXYtMVxR9FVOd,0.346625
0nKhpvNOgd6Ix37bSlJXNe,2gmVKYuax3xbfdpivy0xpd,0.360209
46lFttIf5hnUZMGvjK0Wxo,63IZIrLwNjZOJ4nZlNXuAH,0.193251
023H4I7HJnxRqsc9cqeFKV,63IZIrLwNjZOJ4nZlNXuAH,0.195633
63IZIrLwNjZOJ4nZlNXuAH,6XimI1O15wpfwUdrCnlrxo,0.20467
7o2CTH4ctstm8TNelqjb51,43Vyj3R8vMlFNVB2gqrsAM,0.321713
2hGPfCRMjK2haWM6ja11XP,43Vyj3R8vMlFNVB2gqrsAM,0.324488
3H2cHIeqH79jmFsdiPKRv7,43Vyj3R8vMlFNVB2gqrsAM,0.353723
4JWbH50WabthGhmtduR8b9,6XimI1O15wpfwUdrCnlrxo,0.240036
3kRGiGpjCFS7CtEBSfHNH0,4JWbH50WabthGhmtduR8b9,0.24115
5WA3rl0o0RJwdhsB2T7p1k,4JWbH50WabthGhmtduR8b9,0.241971
2GTMvEjoCKe52M5936CFLO,08kSDRN3ZUB5V5ba2Rt5KB,0.152751
5FQEeo3o0tPNxrsQPcmwlX,3XN6gsqRw1EzezEdgQmKO7,0.131962
3D4J0o9w44QKFrBrYrSVJY,5vSqKl0SxirLoaO3802hs7,0.248761
3D4J0o9w44QKFrBrYrSVJY,6cZGk7b1led3OdACob9rbS,0.265954
5YkKpbHgr62AmlkLh2pwDc,2Ey6v4Sekh3Z0RUSISRosD,0.308439
2Ey6v4Sekh3Z0RUSISRosD,6gQJAUHKEVpnSGtfcwZ5Pe,0.331132
2SvP6VWIoq4CQ2IbdZEmcU,2Ey6v4Sekh3Z0RUSISRosD,0.367039
1BweuW1Vx7eP6VUSXijezL,2Ey6v4Sekh3Z0RUSISRosD,0.370275
2IQB5iBapo0Y37Yc0PtIZc,1eEWigdKC7UyhnfUBax4Ii,0.21821
4iBsDuZKwpqQFsLqL3lj31,7fZCViZ831HCOpI0DrtaEi,0.458124
7a44KQsZopbdTRnn53X5qF,4iBsDuZKwpqQFsLqL3lj31,0.493118
2gmVKYuax3xbfdpivy0xpd,4iBsDuZKwpqQFsLqL3lj31,0.502077
2gV3PVl3vcZglRGmOfyH1w,4iBsDuZKwpqQFsLqL3lj31,0.535957
6pW1AQhs75Cc5WTgoRQ8vi,293xyTq2gy7G5PFaMeBbmd,0.423948
7o9yuI0dvhbNVkiUaG1z7T,7AoQay4gO0sdMUi641ghSH,0.369624
6WxgD0syay32FVFtmLqe3M,7o9yuI0dvhbNVkiUaG1z7T,0.409711
3DI3NhuSKftr5PkMQWOf3n,7qqX9USUjXHTBVeC0kLeJy,0.26496
3Hg1OJWwiNeKWX7suTNJ1Y,7qqX9USUjXHTBVeC0kLeJy,0.288759
1KvyBpAxgllKW7bQb0GYCR,7qqX9USUjXHTBVeC0kLeJy,0.299654
7qqX9USUjXHTBVeC0kLeJy,5N5v1tfDEPbvK214jUEGgO,0.305414
79vEv8zqy9tLYsTxxkXHXq,4Cf7INHovrVKQOQNOStdH8,0.358091
4Cf7INHovrVKQOQNOStdH8,4Xn89qH8uKOumgvAGSvY3U,0.376891
7ht7UcsH5dlcaFX5pMHycn,5Ce9z7GqSknXccyppRxNLY,0.213524
0XUbq6STWcxFC6qrU09tE1,5Ce9z7GqSknXccyppRxNLY,0.221158
4UZifG6wVTl3dFIeHKLi8y,3cGyrppZWoGKI5IA8amT5e,0.180768
3kRGiGpjCFS7CtEBSfHNH0,4UZifG6wVTl3dFIeHKLi8y,0.290785
5JEx7HbmvHQQswJCsoo9rA,4UZifG6wVTl3dFIeHKLi8y,0.33679
4UZifG6wVTl3dFIeHKLi8y,7ajVYJt15NuE3NmzxSHOyS,0.34032
3Hg1OJWwiNeKWX7suTNJ1Y,4UZifG6wVTl3dFIeHKLi8y,0.34645
7lYdF3SC4SCJPg5kROvXWx,6fchBDwnte5dnhwEV09qof,0.172657
4eTUG3TF3lQuar1lLkN0cG,7lYdF3SC4SCJPg5kROvXWx,0.262966
0t5JyYh5CxnUI3v0msZzYM,0XFtG09bUs8yuCZIdoXrkG,0.272739
4KS0611AX8W2o3rAxJwEvJ,0t5JyYh5CxnUI3v0msZzYM,0.299214
2D52zjCyqEIQa221lhw6uk,6gijbGNDNNJgT60Aj7UCyc,0.186293
3WBRfkOozHEsG0hbrBzwlm,2D52zjCyqEIQa221lhw6uk,0.244094
46lyJh9GYmWsHez3EsvmAx,5hfA2BeYLbBukMAPXJNzdI,0.202127
08kSDRN3ZUB5V5ba2Rt5KB,5hfA2BeYLbBukMAPXJNzdI,0.204795
4c2OHigULUHASnUdOEO7HQ,5i0h6XtjL1LNRuFUl0STkC,0.287381
7lYdF3SC4SCJPg5kROvXWx,5i0h6XtjL1LNRuFUl0STkC,0.291522
5i0h6XtjL1LNRuFUl0STkC,6fchBDwnte5dnhwEV09qof,0.307887
1ASgWE2xwIXQmniMfwvOL9,5i0h6XtjL1LNRuFUl0STkC,0.329638
5i0h6XtjL1LNRuFUl0STkC,5GpK2be6lGPawut1iSqOKN,0.33767
5tiZBnx5IvETA0Pj3gELjn,0vdZk0uHh0PaEQpY5PHG6n,0.252921
0vdZk0uHh0PaEQpY5PHG6n,4s7Me2OrjR7tIeeiWmZnK5,0.26507
7x56g3SKfKeE4XRg9MsTyi,6yvAfQ4xM01Sq00DZ54sDl,0.400256
6yvAfQ4xM01Sq00DZ54sDl,1xU4U0HkoKrDAkKxbTbda6,0.460148
3wjQZWJAeEmb7Z3CdsNajq,6yvAfQ4xM01Sq00DZ54sDl,0.462168
3wjQZWJAeEmb7Z3CdsNajq,6yvAfQ4xM01Sq00DZ54sDl,0.462168
493Rk3iS7rs8uPfpnfm95u,56T8rWR6szMJ22n5bv8DXo,0.310328
40riOy7x9W7GXjyGp4pjAv,09AbeKK96E8eA2m8IITFHP,0.332662
09AbeKK96E8eA2m8IITFHP,74fmOZkSwZfQlir02KmDwH,0.380627
09AbeKK96E8eA2m8IITFHP,5GpK2be6lGPawut1iSqOKN,0.39342
2j0xMbhqTwks1L3PeOhywh,0hBN7k2AAmbc0mM4cUAmQH,0.186174
0Ki1LxOG8z8ywTCcUT3ugq,2dwhMQsFeHr2S787WxqAqW,0.176223
0NwYzWs6UOFTQYKTYPQWyg,0Ki1LxOG8z8ywTCcUT3ugq,0.215123
2ZICF8SFI5tHttaLJKMY1X,0Ki1LxOG8z8ywTCcUT3ugq,0.219272
2pGdlCBrS2uulNsI9fdrHs,39lOHITmszIVH9WF4Jpbum,0.240289
06KyNuuMOX1ROXRhj787tj,39lOHITmszIVH9WF4Jpbum,0.27378
3DrQsIe4cyX3bNCJY6bq11,6tCUeo48hBua0006TgIlOk,0.451768
2DP1HBd70hKwgNxQwMaG8z,3DrQsIe4cyX3bNCJY6bq11,0.473726
2biGEMYnKkiqJXkS8Koiaw,3DrQsIe4cyX3bNCJY6bq11,0.492731
4txahEqLKtMJhVe6ezQH8k,293xyTq2gy7G5PFaMeBbmd,0.515469
293xyTq2gy7G5PFaMeBbmd,2wZ99JXUqr6uoEcWbEZVbf,0.5431
1r4vEAZ09lGIm8eusrJDdq,293xyTq2gy7G5PFaMeBbmd,0.550537
6LA7WgwRca4bYg7Ip50dqN,0kavVZx38UlVVTxw5HUIJL,0.374327
6X4OcPBYwrT4SVcQ6uwJod,0kavVZx38UlVVTxw5HUIJL,0.406629
6HGoVbCUr63SgU3TjxEVj6,0kavVZx38UlVVTxw5HUIJL,0.41686
0lNdaHuRYi0YVNPWW0F7X2,7frumfCbPME9rnrbBB7qZ7,0.225982
3iuJytXIDXGbpZbDWxfgHl,7frumfCbPME9rnrbBB7qZ7,0.255699
2ZICF8SFI5tHttaLJKMY1X,7frumfCbPME9rnrbBB7qZ7,0.25952
0wnZAXlg3CPUgAKFQblzff,6fchBDwnte5dnhwEV09qof,0.274967
7lYdF3SC4SCJPg5kROvXWx,0wnZAXlg3CPUgAKFQblzff,0.333589
5i0h6XtjL1LNRuFUl0STkC,0wnZAXlg3CPUgAKFQblzff,0.40401
6KTG1O45PqNxpXhPwXX9BD,0wnZAXlg3CPUgAKFQblzff,0.405872
2OTGmFUoJDx8scC8PO87V0,4Qkl4TpmZCwIINFPI6fS23,0.258577
0w91MsXVQvuTdKf9BKg6f6,2OTGmFUoJDx8scC8PO87V0,0.420091
7DroPZbnPTJZSZtax3swP8,0oiXbwcUnGIqtT0efGQ6PM,0.275033
4PPJY2E8YwiDSaiug98qIp,0oiXbwcUnGIqtT0efGQ6PM,0.293452
1udKn1oNKYQSQ9OmiIWCMu,1xFkcJjWuLlq8CIymwSTw9,0.291756
7DroPZbnPTJZSZtax3swP8,1xFkcJjWuLlq8CIymwSTw9,0.296806
4PPJY2E8YwiDSaiug98qIp,1xFkcJjWuLlq8CIymwSTw9,0.303227
6ST2sndt6ieETDBzOSR063,1xFkcJjWuLlq8CIymwSTw9,0.334291
5lTqpWZJbOUhusVlGtTLWn,1BPBwKueIEMnUcbbs2te7B,0.278603
4FL8i7miD18FuMN08XGKcM,1BPBwKueIEMnUcbbs2te7B,0.289054
2qPNdVlqZl1cYqsNc3MXnA,1BPBwKueIEMnUcbbs2te7B,0.294267
0tCdKWakn9sA3forNMxzdV,1BPBwKueIEMnUcbbs2te7B,0.302815
6h3lMAmmpQDFqoHk9F99IR,1BPBwKueIEMnUcbbs2te7B,0.309387
6ts6Ie41SzPSKWkHrv3t2F,7KoWRwwVUgZV5D0zmrr25s,0.240308
06Q3gof2rs8ErXzBrW1aVg,7KoWRwwVUgZV5D0zmrr25s,0.248338
2GTMvEjoCKe52M5936CFLO,7KoWRwwVUgZV5D0zmrr25s,0.248698
0S4Zf256BJU9wCHeBNsGmj,7KoWRwwVUgZV5D0zmrr25s,0.275819
6esLMv3uuSmQ1nw2wQnqgA,5ZZuiMFxl85qakgTZQapsc,0.300473
5H6Jp0syB5yEPk7SWYdlmk,5ZZuiMFxl85qakgTZQapsc,0.307111
5ZZuiMFxl85qakgTZQapsc,2OaVtgFRFY3xfHjEJxqHhI,0.322245
39lOHITmszIVH9WF4Jpbum,6qdkcDUc80NP6zj4VUD4qR,0.33602
2pGdlCBrS2uulNsI9fdrHs,6qdkcDUc80NP6zj4VUD4qR,0.346071
6qdkcDUc80NP6zj4VUD4qR,3OYHw99STxBfqoBEov2M5F,0.352772
5aIjMoNIRhwNychOb2lC7k,7fZCViZ831HCOpI0DrtaEi,0.323435
2gmVKYuax3xbfdpivy0xpd,5aIjMoNIRhwNychOb2lC7k,0.360494
2j3XrxnGKhPJVvSGDpoRFJ,5aIjMoNIRhwNychOb2lC7k,0.398273
7a44KQsZopbdTRnn53X5qF,5aIjMoNIRhwNychOb2lC7k,0.408056
10F7heFOB5AW5YNQdJPKnq,5LxvwujISqiB8vpRYv887S,0.421074
1xFkcJjWuLlq8CIymwSTw9,5LxvwujISqiB8vpRYv887S,0.425101
09AbeKK96E8eA2m8IITFHP,5LxvwujISqiB8vpRYv887S,0.426825
2qSnqsLv7b9GbWFhyZJwMM,5LxvwujISqiB8vpRYv887S,0.477592
3njFQqu9rj8B06TSCDAahy,04GunTYlMUoEnc5pwzQANm,0.301746
6O1VWYPfl85dDeKiaCJKza,3njFQqu9rj8B06TSCDAahy,0.346637
5MnLof1o5Wu4hX5zWgMjZY,3njFQqu9rj8B06TSCDAahy,0.36571
7Ar4G7Ci11gpt6sfH9Cgz5,3njFQqu9rj8B06TSCDAahy,0.382631
56T8rWR6szMJ22n5bv8DXo,4ZSFKEQMre7LJUkUEW28oA,0.369828
1BPBwKueIEMnUcbbs2te7B,4ZSFKEQMre7LJUkUEW28oA,0.415432
4YN9siPoiy8fc8pAOdy6xS,4ZSFKEQMre7LJUkUEW28oA,0.426615
1s7eYefT5IDEWrmzAspJBe,4ZSFKEQMre7LJUkUEW28oA,0.437649
5lTqpWZJbOUhusVlGtTLWn,4ZSFKEQMre7LJUkUEW28oA,0.449298
4Qv71lFPCObf7zol1uWCJb,5AyL2kgLtTWEu3qO3B9SqK,0.444693
3iuJytXIDXGbpZbDWxfgHl,5AyL2kgLtTWEu3qO3B9SqK,0.446909
7g96GMqMFfkrzEvDwSIWzQ,5AyL2kgLtTWEu3qO3B9SqK,0.447374
0lNdaHuRYi0YVNPWW0F7X2,2dwhMQsFeHr2S787WxqAqW,0.212825
7FNClArpU0MQIIkAU5VSwh,5W8HXMOMLtXLz0RGKUtnlZ,0.278871
5Ce9z7GqSknXccyppRxNLY,5W8HXMOMLtXLz0RGKUtnlZ,0.286012
3WBRfkOozHEsG0hbrBzwlm,5W8HXMOMLtXLz0RGKUtnlZ,0.290201
6iMzy3mIG2zVdMR15A6HmJ,5W8HXMOMLtXLz0RGKUtnlZ,0.319148
4Qkl4TpmZCwIINFPI6fS23,4Xn89qH8uKOumgvAGSvY3U,0.389148
4oPwiOa5pPq8Raa6phjiEE,6XimI1O15wpfwUdrCnlrxo,0.231818
0zACuA5TckBs58Vc8iwFYx,74fmOZkSwZfQlir02KmDwH,0.256388
74fmOZkSwZfQlir02KmDwH,0fzmhN3dop77DGQmcsi5MJ,0.259676
5J89CMy1fDUEf73fi6KL9R,1xU4U0HkoKrDAkKxbTbda6,0.228554
5J89CMy1fDUEf73fi6KL9R,5xYpEeGFXmkGMBQ22NfKfO,0.295287
3wjQZWJAeEmb7Z3CdsNajq,5J89CMy1fDUEf73fi6KL9R,0.327186
3wjQZWJAeEmb7Z3CdsNajq,5J89CMy1fDUEf73fi6KL9R,0.327186
5vu8n8MB3P2hoY19SYMn9o,7AoQay4gO0sdMUi641ghSH,0.329622
6O1VWYPfl85dDeKiaCJKza,04GunTYlMUoEnc5pwzQANm,0.263406
4pyQ5n3teYo2C89zE3NBrM,4s7Me2OrjR7tIeeiWmZnK5,0.243561
2wrthwkXNBuyKWd3chV33u,4s7Me2OrjR7tIeeiWmZnK5,0.274
7g96GMqMFfkrzEvDwSIWzQ,4s7Me2OrjR7tIeeiWmZnK5,0.280001
0yu7YRpQDcSJhX9DEc1eya,3gL8HwgqxcKM8lhXnYtny2,0.360241
6qO260PuQGnxCQ4SRrSi6M,3gL8HwgqxcKM8lhXnYtny2,0.376865
0PlD5j3EX8hZjNfH52YSpF,3gL8HwgqxcKM8lhXnYtny2,0.407997
04vpVveiJZ0bqkwCBBpEth,5EVVBILF2NeX8qpQyxbvYl,0.40172
04vpVveiJZ0bqkwCBBpEth,1WrE2xWhT5gLrYq8D1oPYw,0.49881
4wpiCbMBTecn6LZBy0053F,04vpVveiJZ0bqkwCBBpEth,0.506047
04vpVveiJZ0bqkwCBBpEth,40FDafNFtz0jDyzCn3MaMs,0.508068
7ed2Ed5z0vMM4bqnZpWKK6,5w65rfJaQDOQ0iAhOuQqiv,0.199069
4oPwiOa5pPq8Raa6phjiEE,5w65rfJaQDOQ0iAhOuQqiv,0.246128
7AoQay4gO0sdMUi641ghSH,7aoBSmPHwNXYtMVxR9FVOd,0.291926
775OxWq9wfVzmVDS0n3zff,7aNzqGdfZcNkCWnFR3nZkL,0.539672
3u0GkwnjSEBqmTSvlgjFjJ,7aNzqGdfZcNkCWnFR3nZkL,0.614827
5aw0QGRRtJmi7nVvKyRaHJ,7aNzqGdfZcNkCWnFR3nZkL,0.615119
0t5JyYh5CxnUI3v0msZzYM,7aNzqGdfZcNkCWnFR3nZkL,0.618736
0PlD5j3EX8hZjNfH52YSpF,7aNzqGdfZcNkCWnFR3nZkL,0.661716
5vu8n8MB3P2hoY19SYMn9o,11MSEhq5iXRC4mFgezdaLs,0.382404
22aoAzWBmrDlbDLNjTTJ6F,11MSEhq5iXRC4mFgezdaLs,0.408735
0xtSFqbkJ8BS9oRmsJ1aPD,5GQu9ALTmhmLggqUb9HTL8,0.257958
4ClHOBQG9QNcqzfzFmXj39,5GQu9ALTmhmLggqUb9HTL8,0.291542
0HDO6JFfplYPrSWuufUosZ,5GQu9ALTmhmLggqUb9HTL8,0.302595
1yexB9BhPJFMiFHzdNhVqt,5GQu9ALTmhmLggqUb9HTL8,0.311543
7N02vK6QmHRiMVa6oy3HUA,40FDafNFtz0jDyzCn3MaMs,0.341354
5EVVBILF2NeX8qpQyxbvYl,0XFtG09bUs8yuCZIdoXrkG,0.179831
2ZDTK8AijLvCPttN360zk0,5EVVBILF2NeX8qpQyxbvYl,0.349049
1ptN31lBfOZKJPsQMm1Whb,5EVVBILF2NeX8qpQyxbvYl,0.354148
5GpK2be6lGPawut1iSqOKN,47MtUiBYZmxs9bdqN62KuQ,0.335457
6qRg9P6r9Ed6GyIfEu1JaZ,39I5xXLPaiTqNPBaKo0Rnw,0.812844
15p6y25P4twiG2oOpWfEK0,6qRg9P6r9Ed6GyIfEu1JaZ,0.82834
6CuTbIg3qRPZs1XEJxoEbY,6qRg9P6r9Ed6GyIfEu1JaZ,0.833315
79vEv8zqy9tLYsTxxkXHXq,4Xn89qH8uKOumgvAGSvY3U,0.399023
6tCUeo48hBua0006TgIlOk,4Zd6HJ49dtEiP5sFcf698m,0.344602
2eh0oh1lxi9ZMaor7ILEtY,6tCUeo48hBua0006TgIlOk,0.529446
1Wdj4wRDYS7aT4CoPS0mAH,6cZGk7b1led3OdACob9rbS,0.242811
2pGdlCBrS2uulNsI9fdrHs,6cZGk7b1led3OdACob9rbS,0.261992
5xYpEeGFXmkGMBQ22NfKfO,1xU4U0HkoKrDAkKxbTbda6,0.251408
3wjQZWJAeEmb7Z3CdsNajq,5xYpEeGFXmkGMBQ22NfKfO,0.293982
3wjQZWJAeEmb7Z3CdsNajq,5xYpEeGFXmkGMBQ22NfKfO,0.293982
4MDP7HRognLy05tr1MlKek,6fchBDwnte5dnhwEV09qof,0.240818
4eTUG3TF3lQuar1lLkN0cG,6fchBDwnte5dnhwEV09qof,0.254891
0fzmhN3dop77DGQmcsi5MJ,5K1m4aaPCxwnm9SKlWW1vh,0.189565
2HbYLDA1SigY1ilC94ieVu,0fzmhN3dop77DGQmcsi5MJ,0.196856
2s4AbiaTKGrKldnICBxaWW,0fzmhN3dop77DGQmcsi5MJ,0.22645
1R2ni98s7x2CUtYaj1LD4T,4Zd6HJ49dtEiP5sFcf698m,0.587275
5p9IGH0xpbhJI9d8YWJe47,4Zd6HJ49dtEiP5sFcf698m,0.596023
5HrYsy4vBjmIRvSzzLSRDo,4Zd6HJ49dtEiP5sFcf698m,0.597496
5f8xBaP905M0O65CGHwDl4,3lUTTvpsqOJGm28TZYgIGn,0.214637
36MZOdQU8d3UFzdiYWgozI,5f8xBaP905M0O65CGHwDl4,0.236146
6Av4y1NzrI41HkoqxQgMk3,3cGyrppZWoGKI5IA8amT5e,0.299218
3Hg1OJWwiNeKWX7suTNJ1Y,3cGyrppZWoGKI5IA8amT5e,0.30237
5WA3rl0o0RJwdhsB2T7p1k,3cGyrppZWoGKI5IA8amT5e,0.304056
493Rk3iS7rs8uPfpnfm95u,56U1WCUL6mbxoSSYgbBame,0.331441
6uA1qGKf0r5uYIg1aMhn7c,3OYHw99STxBfqoBEov2M5F,0.357973
79vEv8zqy9tLYsTxxkXHXq,3OYHw99STxBfqoBEov2M5F,0.3785
35lxFAny9XDBkvE6r9j4uG,3lUTTvpsqOJGm28TZYgIGn,0.211078
2wrthwkXNBuyKWd3chV33u,3lUTTvpsqOJGm28TZYgIGn,0.211261
3cGyrppZWoGKI5IA8amT5e,7ajVYJt15NuE3NmzxSHOyS,0.423959
5N5v1tfDEPbvK214jUEGgO,47MtUiBYZmxs9bdqN62KuQ,0.192767
5N5v1tfDEPbvK214jUEGgO,2k7lStJS8TJvMNxbdClLMD,0.200196
6oilrypHWm0iylwgX6ujQc,1xU4U0HkoKrDAkKxbTbda6,0.226142
6LA7WgwRca4bYg7Ip50dqN,4Kh6cq3XgOGUK9yXQu7RTq,0.294722
74fmOZkSwZfQlir02KmDwH,4Kh6cq3XgOGUK9yXQu7RTq,0.309984
5W8HXMOMLtXLz0RGKUtnlZ,4Kh6cq3XgOGUK9yXQu7RTq,0.336666
4ClHOBQG9QNcqzfzFmXj39,1WrE2xWhT5gLrYq8D1oPYw,0.500495
1WrE2xWhT5gLrYq8D1oPYw,3MRoy5cF7RzT1Siw13nOmD,0.50653
5ugEAELzfwf3k07D3e1WNN,1WrE2xWhT5gLrYq8D1oPYw,0.51535
6gQJAUHKEVpnSGtfcwZ5Pe,6aNiR1YsERzcABil2gYQ1b,0.210248
2IQB5iBapo0Y37Yc0PtIZc,6gQJAUHKEVpnSGtfcwZ5Pe,0.284268
5YkKpbHgr62AmlkLh2pwDc,6gQJAUHKEVpnSGtfcwZ5Pe,0.286541
3ohxPqZyB74W6ZWFHJdTWk,4TujvPqDwwcewGVv1TgLLI,0.52363
14jEv2xc6r43y0Nm2ymswN,4TujvPqDwwcewGVv1TgLLI,0.534113
7kEwwmnAkgoll8koLkwZeC,4TujvPqDwwcewGVv1TgLLI,0.548773
5ugEAELzfwf3k07D3e1WNN,4TujvPqDwwcewGVv1TgLLI,0.557576
0wnZAXlg3CPUgAKFQblzff,4TujvPqDwwcewGVv1TgLLI,0.559607
6YWE7WrOmrGbuYaw3DxzGf,39I5xXLPaiTqNPBaKo0Rnw,0.446359
6CuTbIg3qRPZs1XEJxoEbY,39I5xXLPaiTqNPBaKo0Rnw,0.44756
2D52zjCyqEIQa221lhw6uk,51s7WZriwg2D51gbCrbNVz,0.432783
5cUH0jGZStImc41LbHSjhA,51s7WZriwg2D51gbCrbNVz,0.441571
2EqlS6tkEnglzr7tkKAAYD,51s7WZriwg2D51gbCrbNVz,0.444627
5vnwBJxMnwGPPG2U3tToJc,51s7WZriwg2D51gbCrbNVz,0.462523
0S4Zf256BJU9wCHeBNsGmj,6gijbGNDNNJgT60Aj7UCyc,0.231179
5Ce9z7GqSknXccyppRxNLY,6gijbGNDNNJgT60Aj7UCyc,0.260732
31aVGAyU43vQYxYyCmfaQI,2k7lStJS8TJvMNxbdClLMD,0.170882
06RouQ8MtzC4OUWXnVugei,3oGOqfkRiPUBQsVKw3n20M,0.226362
5DZwfsbwZXnKuUPAvrzipC,3oGOqfkRiPUBQsVKw3n20M,0.235103
5JSwpFI18XqMckY8HKDail,3oGOqfkRiPUBQsVKw3n20M,0.248851
0uBdQzKghx88d2Lp8SLFKJ,3oGOqfkRiPUBQsVKw3n20M,0.254566
3H2cHIeqH79jmFsdiPKRv7,47MtUiBYZmxs9bdqN62KuQ,0.224679
737yse38y2hsWQeNRrLaMY,47MtUiBYZmxs9bdqN62KuQ,0.240818
0hBN7k2AAmbc0mM4cUAmQH,47MtUiBYZmxs9bdqN62KuQ,0.245264
2ZDTK8AijLvCPttN360zk0,0XFtG09bUs8yuCZIdoXrkG,0.344178
2SvP6VWIoq4CQ2IbdZEmcU,6aNiR1YsERzcABil2gYQ1b,0.295189
5HrYsy4vBjmIRvSzzLSRDo,2uzlv8PjqsVvF1DhEahyhy,0.37441
3OYHw99STxBfqoBEov2M5F,2uzlv8PjqsVvF1DhEahyhy,0.392363
2gmVKYuax3xbfdpivy0xpd,7fZCViZ831HCOpI0DrtaEi,0.386899
7a44KQsZopbdTRnn53X5qF,7fZCViZ831HCOpI0DrtaEi,0.413186
2j3XrxnGKhPJVvSGDpoRFJ,7fZCViZ831HCOpI0DrtaEi,0.439673
0abrZlp7Tjat7QRg7hn4ME,3MRoy5cF7RzT1Siw13nOmD,0.580875
2eh0oh1lxi9ZMaor7ILEtY,3MRoy5cF7RzT1Siw13nOmD,0.581571
1icX5CUJRfU8tkQunhkTyV,3MRoy5cF7RzT1Siw13nOmD,0.58443
06KyNuuMOX1ROXRhj787tj,7xx2Ku5iifWgkc0w2By4TR,0.276503
6455q2sm0znfcevxSCzMMW,2OaVtgFRFY3xfHjEJxqHhI,0.224535
0B2Rij48hhqlJFFUpr6bPv,2OaVtgFRFY3xfHjEJxqHhI,0.250783
2PWTZV5znjLtZC5T1EVJvL,5vSqKl0SxirLoaO3802hs7,0.272374
5IgElbSREzVyqgf1OCuKJd,5vSqKl0SxirLoaO3802hs7,0.289777
7lYdF3SC4SCJPg5kROvXWx,5vSqKl0SxirLoaO3802hs7,0.29702
4rXPkKTkE0oYd9OltdFG9K,5K1m4aaPCxwnm9SKlWW1vh,0.210378
